"LOCATION","INDICATOR","SUBJECT","MEASURE","FREQUENCY","TIME","Value","Flag Codes"
"AUS","GDP","TOT","MLN_USD","A","2000",538759.74,
"AUS","GDP","TOT","MLN_USD","A","2001",569498.285,
"AUS","GDP","TOT","MLN_USD","A","2002",600598.648,
"AUS","GDP","TOT","MLN_USD","A","2003",638782.783,
"AUS","GDP","TOT","MLN_USD","A","2004",677715.264,
"AUS","GDP","TOT","MLN_USD","A","2005",719487.043,
"AUS","GDP","TOT","MLN_USD","A","2006",775886.237,
"AUS","GDP","TOT","MLN_USD","A","2007",826594.305,
"AUS","GDP","TOT","MLN_USD","A","2008",852737.657,
"AUS","GDP","TOT","MLN_USD","A","2009",903956.56,
"AUS","GDP","TOT","MLN_USD","A","2010",943323,
"AUS","GDP","TOT","MLN_USD","A","2011",992802.546,
"AUS","GDP","TOT","MLN_USD","A","2012",997651.363,
"AUS","GDP","TOT","MLN_USD","A","2013",1104672.434,
"AUS","GDP","TOT","MLN_USD","A","2014",1117601.897,
"AUS","GDP","TOT","MLN_USD","A","2015",1124752.51,
"AUS","GDP","TOT","MLN_USD","A","2016",1212854.276,
"AUS","GDP","TOT","MLN_USD","A","2017",1247085.553,
"AUS","GDP","TOT","MLN_USD","A","2018",1323863.624,
"AUS","GDP","TOT","MLN_USD","A","2019",1337588.806,
"AUS","GDP","TOT","MLN_USD","A","2020",1430866.404,
"AUS","GDP","TOT","MLN_USD","A","2021",1595112.956,
"AUT","GDP","TOT","MLN_USD","A","2000",235393.211,
"AUT","GDP","TOT","MLN_USD","A","2001",238924.377,
"AUT","GDP","TOT","MLN_USD","A","2002",251984.784,
"AUT","GDP","TOT","MLN_USD","A","2003",261070.253,
"AUT","GDP","TOT","MLN_USD","A","2004",276000.045,
"AUT","GDP","TOT","MLN_USD","A","2005",288086.722,
"AUT","GDP","TOT","MLN_USD","A","2006",311394.8,
"AUT","GDP","TOT","MLN_USD","A","2007",327137.69,
"AUT","GDP","TOT","MLN_USD","A","2008",343812.976,
"AUT","GDP","TOT","MLN_USD","A","2009",341396.516,
"AUT","GDP","TOT","MLN_USD","A","2010",351323.808,
"AUT","GDP","TOT","MLN_USD","A","2011",373031.477,
"AUT","GDP","TOT","MLN_USD","A","2012",391635.176,
"AUT","GDP","TOT","MLN_USD","A","2013",406370.245,
"AUT","GDP","TOT","MLN_USD","A","2014",417059.519,
"AUT","GDP","TOT","MLN_USD","A","2015",430975.924,
"AUT","GDP","TOT","MLN_USD","A","2016",460282.647,
"AUT","GDP","TOT","MLN_USD","A","2017",476590.588,
"AUT","GDP","TOT","MLN_USD","A","2018",503361.417,
"AUT","GDP","TOT","MLN_USD","A","2019",530169.037,
"AUT","GDP","TOT","MLN_USD","A","2020",510568.008,
"AUT","GDP","TOT","MLN_USD","A","2021",537014.574,
"AUT","GDP","TOT","MLN_USD","A","2022",622665.496,
"BEL","GDP","TOT","MLN_USD","A","2000",284881.505,
"BEL","GDP","TOT","MLN_USD","A","2001",296187.433,
"BEL","GDP","TOT","MLN_USD","A","2002",312900.475,
"BEL","GDP","TOT","MLN_USD","A","2003",320979.727,
"BEL","GDP","TOT","MLN_USD","A","2004",334135.685,
"BEL","GDP","TOT","MLN_USD","A","2005",347658.439,
"BEL","GDP","TOT","MLN_USD","A","2006",371888.473,
"BEL","GDP","TOT","MLN_USD","A","2007",390981.666,
"BEL","GDP","TOT","MLN_USD","A","2008",405729.43,
"BEL","GDP","TOT","MLN_USD","A","2009",407566.641,
"BEL","GDP","TOT","MLN_USD","A","2010",434058.868,
"BEL","GDP","TOT","MLN_USD","A","2011",451932.625,
"BEL","GDP","TOT","MLN_USD","A","2012",469720.336,
"BEL","GDP","TOT","MLN_USD","A","2013",487343.796,
"BEL","GDP","TOT","MLN_USD","A","2014",503619.623,
"BEL","GDP","TOT","MLN_USD","A","2015",520877.807,
"BEL","GDP","TOT","MLN_USD","A","2016",550677.566,
"BEL","GDP","TOT","MLN_USD","A","2017",573788.528,
"BEL","GDP","TOT","MLN_USD","A","2018",600269.926,
"BEL","GDP","TOT","MLN_USD","A","2019",641098.699,
"BEL","GDP","TOT","MLN_USD","A","2020",629659.269,"P"
"BEL","GDP","TOT","MLN_USD","A","2021",681853.013,"P"
"BEL","GDP","TOT","MLN_USD","A","2022",773801.715,"P"
"CAN","GDP","TOT","MLN_USD","A","2000",901003.29,
"CAN","GDP","TOT","MLN_USD","A","2001",937793.044,
"CAN","GDP","TOT","MLN_USD","A","2002",971009.088,
"CAN","GDP","TOT","MLN_USD","A","2003",1023686.549,
"CAN","GDP","TOT","MLN_USD","A","2004",1083615.23,
"CAN","GDP","TOT","MLN_USD","A","2005",1171340.162,
"CAN","GDP","TOT","MLN_USD","A","2006",1241618.911,
"CAN","GDP","TOT","MLN_USD","A","2007",1301593.852,
"CAN","GDP","TOT","MLN_USD","A","2008",1342396.613,
"CAN","GDP","TOT","MLN_USD","A","2009",1307000.658,
"CAN","GDP","TOT","MLN_USD","A","2010",1363578.975,
"CAN","GDP","TOT","MLN_USD","A","2011",1430807.125,
"CAN","GDP","TOT","MLN_USD","A","2012",1468094.965,
"CAN","GDP","TOT","MLN_USD","A","2013",1554122.745,
"CAN","GDP","TOT","MLN_USD","A","2014",1621396.709,
"CAN","GDP","TOT","MLN_USD","A","2015",1594850.842,
"CAN","GDP","TOT","MLN_USD","A","2016",1678093.396,
"CAN","GDP","TOT","MLN_USD","A","2017",1765763.154,
"CAN","GDP","TOT","MLN_USD","A","2018",1852987.755,
"CAN","GDP","TOT","MLN_USD","A","2019",1873760.081,
"CAN","GDP","TOT","MLN_USD","A","2020",1794940.001,
"CAN","GDP","TOT","MLN_USD","A","2021",2026899.115,
"CAN","GDP","TOT","MLN_USD","A","2022",2221280.61,
"CZE","GDP","TOT","MLN_USD","A","2000",166527.993,
"CZE","GDP","TOT","MLN_USD","A","2001",180061.911,
"CZE","GDP","TOT","MLN_USD","A","2002",186119.946,
"CZE","GDP","TOT","MLN_USD","A","2003",199181.111,
"CZE","GDP","TOT","MLN_USD","A","2004",213447.732,
"CZE","GDP","TOT","MLN_USD","A","2005",225620.781,
"CZE","GDP","TOT","MLN_USD","A","2006",244936.694,
"CZE","GDP","TOT","MLN_USD","A","2007",270711.922,
"CZE","GDP","TOT","MLN_USD","A","2008",290503.947,
"CZE","GDP","TOT","MLN_USD","A","2009",289942.416,
"CZE","GDP","TOT","MLN_USD","A","2010",292032.224,
"CZE","GDP","TOT","MLN_USD","A","2011",304400.914,
"CZE","GDP","TOT","MLN_USD","A","2012",307490.199,
"CZE","GDP","TOT","MLN_USD","A","2013",324029.978,
"CZE","GDP","TOT","MLN_USD","A","2014",342099.837,
"CZE","GDP","TOT","MLN_USD","A","2015",357503.881,
"CZE","GDP","TOT","MLN_USD","A","2016",381420.335,
"CZE","GDP","TOT","MLN_USD","A","2017",411327.86,
"CZE","GDP","TOT","MLN_USD","A","2018",437355.916,
"CZE","GDP","TOT","MLN_USD","A","2019",471832.671,
"CZE","GDP","TOT","MLN_USD","A","2020",458157.819,
"CZE","GDP","TOT","MLN_USD","A","2021",479378.76,
"CZE","GDP","TOT","MLN_USD","A","2022",534055.096,
"DNK","GDP","TOT","MLN_USD","A","2000",153052.899,
"DNK","GDP","TOT","MLN_USD","A","2001",157778.439,
"DNK","GDP","TOT","MLN_USD","A","2002",164720.391,
"DNK","GDP","TOT","MLN_USD","A","2003",166147.966,
"DNK","GDP","TOT","MLN_USD","A","2004",178018.944,
"DNK","GDP","TOT","MLN_USD","A","2005",185074.466,
"DNK","GDP","TOT","MLN_USD","A","2006",202984.122,
"DNK","GDP","TOT","MLN_USD","A","2007",213056.909,
"DNK","GDP","TOT","MLN_USD","A","2008",226767.494,
"DNK","GDP","TOT","MLN_USD","A","2009",222756.489,
"DNK","GDP","TOT","MLN_USD","A","2010",238555.117,
"DNK","GDP","TOT","MLN_USD","A","2011",247352.237,
"DNK","GDP","TOT","MLN_USD","A","2012",250524.599,
"DNK","GDP","TOT","MLN_USD","A","2013",262368.12,
"DNK","GDP","TOT","MLN_USD","A","2014",270330.607,
"DNK","GDP","TOT","MLN_USD","A","2015",278748.365,
"DNK","GDP","TOT","MLN_USD","A","2016",297719.06,
"DNK","GDP","TOT","MLN_USD","A","2017",319130.165,
"DNK","GDP","TOT","MLN_USD","A","2018",333035.355,
"DNK","GDP","TOT","MLN_USD","A","2019",348345.911,
"DNK","GDP","TOT","MLN_USD","A","2020",354736.865,
"DNK","GDP","TOT","MLN_USD","A","2021",380007.666,
"DNK","GDP","TOT","MLN_USD","A","2022",441729.033,
"FIN","GDP","TOT","MLN_USD","A","2000",138670.013,
"FIN","GDP","TOT","MLN_USD","A","2001",144231.927,
"FIN","GDP","TOT","MLN_USD","A","2002",148763.802,
"FIN","GDP","TOT","MLN_USD","A","2003",151453.508,
"FIN","GDP","TOT","MLN_USD","A","2004",163129.043,
"FIN","GDP","TOT","MLN_USD","A","2005",168146.753,
"FIN","GDP","TOT","MLN_USD","A","2006",181438.129,
"FIN","GDP","TOT","MLN_USD","A","2007",200141.702,
"FIN","GDP","TOT","MLN_USD","A","2008",212980.742,
"FIN","GDP","TOT","MLN_USD","A","2009",202731.154,
"FIN","GDP","TOT","MLN_USD","A","2010",208926.59,
"FIN","GDP","TOT","MLN_USD","A","2011",220471.171,
"FIN","GDP","TOT","MLN_USD","A","2012",221285.636,
"FIN","GDP","TOT","MLN_USD","A","2013",225679.983,
"FIN","GDP","TOT","MLN_USD","A","2014",228058.636,
"FIN","GDP","TOT","MLN_USD","A","2015",232867.602,
"FIN","GDP","TOT","MLN_USD","A","2016",246928.493,
"FIN","GDP","TOT","MLN_USD","A","2017",262026.563,
"FIN","GDP","TOT","MLN_USD","A","2018",273455.993,
"FIN","GDP","TOT","MLN_USD","A","2019",286082.927,
"FIN","GDP","TOT","MLN_USD","A","2020",289224.32,
"FIN","GDP","TOT","MLN_USD","A","2021",303129.453,
"FIN","GDP","TOT","MLN_USD","A","2022",332318.393,
"FRA","GDP","TOT","MLN_USD","A","2000",1589552.173,
"FRA","GDP","TOT","MLN_USD","A","2001",1687041.876,
"FRA","GDP","TOT","MLN_USD","A","2002",1762925.935,
"FRA","GDP","TOT","MLN_USD","A","2003",1753693.725,
"FRA","GDP","TOT","MLN_USD","A","2004",1822243.671,
"FRA","GDP","TOT","MLN_USD","A","2005",1926880.385,
"FRA","GDP","TOT","MLN_USD","A","2006",2065560.669,
"FRA","GDP","TOT","MLN_USD","A","2007",2184595.05,
"FRA","GDP","TOT","MLN_USD","A","2008",2259255.844,
"FRA","GDP","TOT","MLN_USD","A","2009",2243937.742,
"FRA","GDP","TOT","MLN_USD","A","2010",2334557.742,
"FRA","GDP","TOT","MLN_USD","A","2011",2446474.544,
"FRA","GDP","TOT","MLN_USD","A","2012",2474005.287,
"FRA","GDP","TOT","MLN_USD","A","2013",2608523.504,
"FRA","GDP","TOT","MLN_USD","A","2014",2662032.873,
"FRA","GDP","TOT","MLN_USD","A","2015",2718495.127,
"FRA","GDP","TOT","MLN_USD","A","2016",2864105.631,
"FRA","GDP","TOT","MLN_USD","A","2017",2983010.673,
"FRA","GDP","TOT","MLN_USD","A","2018",3125379.86,
"FRA","GDP","TOT","MLN_USD","A","2019",3403158.941,
"FRA","GDP","TOT","MLN_USD","A","2020",3252531.255,
"FRA","GDP","TOT","MLN_USD","A","2021",3479874.481,"P"
"FRA","GDP","TOT","MLN_USD","A","2022",3814783.882,"P"
"DEU","GDP","TOT","MLN_USD","A","2000",2236504.797,
"DEU","GDP","TOT","MLN_USD","A","2001",2336594.757,
"DEU","GDP","TOT","MLN_USD","A","2002",2406900.908,
"DEU","GDP","TOT","MLN_USD","A","2003",2468569.147,
"DEU","GDP","TOT","MLN_USD","A","2004",2585566.23,
"DEU","GDP","TOT","MLN_USD","A","2005",2622039.802,
"DEU","GDP","TOT","MLN_USD","A","2006",2813824.86,
"DEU","GDP","TOT","MLN_USD","A","2007",2985617.276,
"DEU","GDP","TOT","MLN_USD","A","2008",3103958.247,
"DEU","GDP","TOT","MLN_USD","A","2009",3015332.321,
"DEU","GDP","TOT","MLN_USD","A","2010",3185267.891,
"DEU","GDP","TOT","MLN_USD","A","2011",3415019.966,
"DEU","GDP","TOT","MLN_USD","A","2012",3487234.448,
"DEU","GDP","TOT","MLN_USD","A","2013",3628559.337,
"DEU","GDP","TOT","MLN_USD","A","2014",3807114.521,
"DEU","GDP","TOT","MLN_USD","A","2015",3889081.896,
"DEU","GDP","TOT","MLN_USD","A","2016",4165169.905,
"DEU","GDP","TOT","MLN_USD","A","2017",4386729.188,
"DEU","GDP","TOT","MLN_USD","A","2018",4576056.532,
"DEU","GDP","TOT","MLN_USD","A","2019",4769328.306,"P"
"DEU","GDP","TOT","MLN_USD","A","2020",4697130.976,"P"
"DEU","GDP","TOT","MLN_USD","A","2021",4891842.639,"P"
"DEU","GDP","TOT","MLN_USD","A","2022",5371318.279,"P"
"GRC","GDP","TOT","MLN_USD","A","2000",210928.9,
"GRC","GDP","TOT","MLN_USD","A","2001",227657.332,
"GRC","GDP","TOT","MLN_USD","A","2002",246559.281,
"GRC","GDP","TOT","MLN_USD","A","2003",261156.845,
"GRC","GDP","TOT","MLN_USD","A","2004",278924.6,
"GRC","GDP","TOT","MLN_USD","A","2005",281028.396,
"GRC","GDP","TOT","MLN_USD","A","2006",314601.571,
"GRC","GDP","TOT","MLN_USD","A","2007",323985.185,
"GRC","GDP","TOT","MLN_USD","A","2008",341817.829,
"GRC","GDP","TOT","MLN_USD","A","2009",337203.102,
"GRC","GDP","TOT","MLN_USD","A","2010",310415.31,"B"
"GRC","GDP","TOT","MLN_USD","A","2011",285079.561,
"GRC","GDP","TOT","MLN_USD","A","2012",275143.683,
"GRC","GDP","TOT","MLN_USD","A","2013",284949.076,
"GRC","GDP","TOT","MLN_USD","A","2014",290011.379,
"GRC","GDP","TOT","MLN_USD","A","2015",289570.644,
"GRC","GDP","TOT","MLN_USD","A","2016",296466.614,
"GRC","GDP","TOT","MLN_USD","A","2017",307636.013,
"GRC","GDP","TOT","MLN_USD","A","2018",317881.481,
"GRC","GDP","TOT","MLN_USD","A","2019",334040.54,
"GRC","GDP","TOT","MLN_USD","A","2020",304016.729,"P"
"GRC","GDP","TOT","MLN_USD","A","2021",333014.632,"P"
"GRC","GDP","TOT","MLN_USD","A","2022",393631.536,"P"
"HUN","GDP","TOT","MLN_USD","A","2000",121055.806,
"HUN","GDP","TOT","MLN_USD","A","2001",134582.542,
"HUN","GDP","TOT","MLN_USD","A","2002",147567.884,
"HUN","GDP","TOT","MLN_USD","A","2003",156795.607,
"HUN","GDP","TOT","MLN_USD","A","2004",164432.54,
"HUN","GDP","TOT","MLN_USD","A","2005",172572.944,
"HUN","GDP","TOT","MLN_USD","A","2006",185137.549,
"HUN","GDP","TOT","MLN_USD","A","2007",192032.269,
"HUN","GDP","TOT","MLN_USD","A","2008",208006.337,
"HUN","GDP","TOT","MLN_USD","A","2009",207698.243,
"HUN","GDP","TOT","MLN_USD","A","2010",217415.959,
"HUN","GDP","TOT","MLN_USD","A","2011",229643.36,
"HUN","GDP","TOT","MLN_USD","A","2012",230821.511,
"HUN","GDP","TOT","MLN_USD","A","2013",242855.184,
"HUN","GDP","TOT","MLN_USD","A","2014",253484.632,
"HUN","GDP","TOT","MLN_USD","A","2015",263781.873,
"HUN","GDP","TOT","MLN_USD","A","2016",274222.712,
"HUN","GDP","TOT","MLN_USD","A","2017",288707.448,
"HUN","GDP","TOT","MLN_USD","A","2018",311927.137,
"HUN","GDP","TOT","MLN_USD","A","2019",338526.704,
"HUN","GDP","TOT","MLN_USD","A","2020",333161.834,
"HUN","GDP","TOT","MLN_USD","A","2021",357064.87,"P"
"HUN","GDP","TOT","MLN_USD","A","2022",413146.473,"P"
"ISL","GDP","TOT","MLN_USD","A","2000",8375.645,
"ISL","GDP","TOT","MLN_USD","A","2001",9085.392,
"ISL","GDP","TOT","MLN_USD","A","2002",9375.293,
"ISL","GDP","TOT","MLN_USD","A","2003",9467.595,
"ISL","GDP","TOT","MLN_USD","A","2004",10402.625,
"ISL","GDP","TOT","MLN_USD","A","2005",11074.926,
"ISL","GDP","TOT","MLN_USD","A","2006",12059.466,
"ISL","GDP","TOT","MLN_USD","A","2007",12920.229,
"ISL","GDP","TOT","MLN_USD","A","2008",13879.916,
"ISL","GDP","TOT","MLN_USD","A","2009",13333.839,
"ISL","GDP","TOT","MLN_USD","A","2010",12649.529,
"ISL","GDP","TOT","MLN_USD","A","2011",13059.434,
"ISL","GDP","TOT","MLN_USD","A","2012",13471.498,
"ISL","GDP","TOT","MLN_USD","A","2013",14378.252,
"ISL","GDP","TOT","MLN_USD","A","2014",15058.764,
"ISL","GDP","TOT","MLN_USD","A","2015",16276.45,
"ISL","GDP","TOT","MLN_USD","A","2016",17939.411,
"ISL","GDP","TOT","MLN_USD","A","2017",19106.258,
"ISL","GDP","TOT","MLN_USD","A","2018",20177.371,
"ISL","GDP","TOT","MLN_USD","A","2019",21634.027,
"ISL","GDP","TOT","MLN_USD","A","2020",20031.108,
"ISL","GDP","TOT","MLN_USD","A","2021",21721.17,
"IRL","GDP","TOT","MLN_USD","A","2000",114959.9,
"IRL","GDP","TOT","MLN_USD","A","2001",125937.229,
"IRL","GDP","TOT","MLN_USD","A","2002",138490.842,
"IRL","GDP","TOT","MLN_USD","A","2003",145013.085,
"IRL","GDP","TOT","MLN_USD","A","2004",157656.138,
"IRL","GDP","TOT","MLN_USD","A","2005",168336.081,
"IRL","GDP","TOT","MLN_USD","A","2006",189018.885,
"IRL","GDP","TOT","MLN_USD","A","2007",205779.814,
"IRL","GDP","TOT","MLN_USD","A","2008",198299.13,
"IRL","GDP","TOT","MLN_USD","A","2009",188088.826,
"IRL","GDP","TOT","MLN_USD","A","2010",197036.295,
"IRL","GDP","TOT","MLN_USD","A","2011",206494.885,
"IRL","GDP","TOT","MLN_USD","A","2012",213365.684,
"IRL","GDP","TOT","MLN_USD","A","2013",221217.164,
"IRL","GDP","TOT","MLN_USD","A","2014",238187.305,
"IRL","GDP","TOT","MLN_USD","A","2015",324787.369,
"IRL","GDP","TOT","MLN_USD","A","2016",340185.299,
"IRL","GDP","TOT","MLN_USD","A","2017",374825.508,
"IRL","GDP","TOT","MLN_USD","A","2018",412301.576,
"IRL","GDP","TOT","MLN_USD","A","2019",442690.205,
"IRL","GDP","TOT","MLN_USD","A","2020",468339.713,
"IRL","GDP","TOT","MLN_USD","A","2021",536386.735,
"IRL","GDP","TOT","MLN_USD","A","2022",656439.507,
"ITA","GDP","TOT","MLN_USD","A","2000",1541858.123,
"ITA","GDP","TOT","MLN_USD","A","2001",1597502.924,
"ITA","GDP","TOT","MLN_USD","A","2002",1639680.501,
"ITA","GDP","TOT","MLN_USD","A","2003",1673454.381,
"ITA","GDP","TOT","MLN_USD","A","2004",1704882.532,
"ITA","GDP","TOT","MLN_USD","A","2005",1746658.11,
"ITA","GDP","TOT","MLN_USD","A","2006",1886859.551,
"ITA","GDP","TOT","MLN_USD","A","2007",1995406.894,
"ITA","GDP","TOT","MLN_USD","A","2008",2089717.307,
"ITA","GDP","TOT","MLN_USD","A","2009",2044893.204,
"ITA","GDP","TOT","MLN_USD","A","2010",2083996.379,
"ITA","GDP","TOT","MLN_USD","A","2011",2173169.961,
"ITA","GDP","TOT","MLN_USD","A","2012",2172383.108,
"ITA","GDP","TOT","MLN_USD","A","2013",2187376.607,
"ITA","GDP","TOT","MLN_USD","A","2014",2200256.409,
"ITA","GDP","TOT","MLN_USD","A","2015",2240922.483,
"ITA","GDP","TOT","MLN_USD","A","2016",2420672.141,
"ITA","GDP","TOT","MLN_USD","A","2017",2517184.468,
"ITA","GDP","TOT","MLN_USD","A","2018",2600326.872,
"ITA","GDP","TOT","MLN_USD","A","2019",2735577.365,
"ITA","GDP","TOT","MLN_USD","A","2020",2564455.924,
"ITA","GDP","TOT","MLN_USD","A","2021",2760717.633,
"ITA","GDP","TOT","MLN_USD","A","2022",3092145.9,
"JPN","GDP","TOT","MLN_USD","A","2000",3461199.211,
"JPN","GDP","TOT","MLN_USD","A","2001",3552841.441,
"JPN","GDP","TOT","MLN_USD","A","2002",3647933.242,
"JPN","GDP","TOT","MLN_USD","A","2003",3753919.246,
"JPN","GDP","TOT","MLN_USD","A","2004",3938955.766,
"JPN","GDP","TOT","MLN_USD","A","2005",4110440.486,
"JPN","GDP","TOT","MLN_USD","A","2006",4300322.188,
"JPN","GDP","TOT","MLN_USD","A","2007",4482081.29,
"JPN","GDP","TOT","MLN_USD","A","2008",4517267.524,
"JPN","GDP","TOT","MLN_USD","A","2009",4295628.986,
"JPN","GDP","TOT","MLN_USD","A","2010",4525401.306,
"JPN","GDP","TOT","MLN_USD","A","2011",4629400.467,
"JPN","GDP","TOT","MLN_USD","A","2012",4799612.88,
"JPN","GDP","TOT","MLN_USD","A","2013",5021591.104,
"JPN","GDP","TOT","MLN_USD","A","2014",5034454.619,
"JPN","GDP","TOT","MLN_USD","A","2015",5199915.223,
"JPN","GDP","TOT","MLN_USD","A","2016",5158900.414,
"JPN","GDP","TOT","MLN_USD","A","2017",5262254.967,
"JPN","GDP","TOT","MLN_USD","A","2018",5344060.937,
"JPN","GDP","TOT","MLN_USD","A","2019",5352898.847,
"JPN","GDP","TOT","MLN_USD","A","2020",5263052.866,
"JPN","GDP","TOT","MLN_USD","A","2021",5383426.681,
"KOR","GDP","TOT","MLN_USD","A","2000",871475.638,
"KOR","GDP","TOT","MLN_USD","A","2001",934349.292,
"KOR","GDP","TOT","MLN_USD","A","2002",1019446.686,
"KOR","GDP","TOT","MLN_USD","A","2003",1058222.737,
"KOR","GDP","TOT","MLN_USD","A","2004",1143105.568,
"KOR","GDP","TOT","MLN_USD","A","2005",1213618.157,
"KOR","GDP","TOT","MLN_USD","A","2006",1302227.991,
"KOR","GDP","TOT","MLN_USD","A","2007",1414985.951,
"KOR","GDP","TOT","MLN_USD","A","2008",1468996.086,
"KOR","GDP","TOT","MLN_USD","A","2009",1454994.406,
"KOR","GDP","TOT","MLN_USD","A","2010",1572680.44,
"KOR","GDP","TOT","MLN_USD","A","2011",1625275.456,
"KOR","GDP","TOT","MLN_USD","A","2012",1684562.928,
"KOR","GDP","TOT","MLN_USD","A","2013",1726902.753,
"KOR","GDP","TOT","MLN_USD","A","2014",1792600.237,
"KOR","GDP","TOT","MLN_USD","A","2015",1933588.947,
"KOR","GDP","TOT","MLN_USD","A","2016",2026967.822,
"KOR","GDP","TOT","MLN_USD","A","2017",2103651.26,
"KOR","GDP","TOT","MLN_USD","A","2018",2220442.286,
"KOR","GDP","TOT","MLN_USD","A","2019",2247126.568,
"KOR","GDP","TOT","MLN_USD","A","2020",2316806.899,
"KOR","GDP","TOT","MLN_USD","A","2021",2425556.12,"P"
"LUX","GDP","TOT","MLN_USD","A","2000",24052.309,
"LUX","GDP","TOT","MLN_USD","A","2001",24785.439,
"LUX","GDP","TOT","MLN_USD","A","2002",26135.007,
"LUX","GDP","TOT","MLN_USD","A","2003",27187.931,
"LUX","GDP","TOT","MLN_USD","A","2004",29635.51,
"LUX","GDP","TOT","MLN_USD","A","2005",31997.214,
"LUX","GDP","TOT","MLN_USD","A","2006",37278.487,
"LUX","GDP","TOT","MLN_USD","A","2007",40857.327,
"LUX","GDP","TOT","MLN_USD","A","2008",44452.835,
"LUX","GDP","TOT","MLN_USD","A","2009",43245.758,
"LUX","GDP","TOT","MLN_USD","A","2010",45806.816,
"LUX","GDP","TOT","MLN_USD","A","2011",48970.83,
"LUX","GDP","TOT","MLN_USD","A","2012",51308.749,
"LUX","GDP","TOT","MLN_USD","A","2013",54838.627,
"LUX","GDP","TOT","MLN_USD","A","2014",58578.312,
"LUX","GDP","TOT","MLN_USD","A","2015",61437.294,
"LUX","GDP","TOT","MLN_USD","A","2016",65980.114,
"LUX","GDP","TOT","MLN_USD","A","2017",68570.173,
"LUX","GDP","TOT","MLN_USD","A","2018",70825.278,
"LUX","GDP","TOT","MLN_USD","A","2019",74115.971,
"LUX","GDP","TOT","MLN_USD","A","2020",75656.711,
"LUX","GDP","TOT","MLN_USD","A","2021",84175.446,
"LUX","GDP","TOT","MLN_USD","A","2022",93962.589,"P"
"MEX","GDP","TOT","MLN_USD","A","2000",1096748.815,
"MEX","GDP","TOT","MLN_USD","A","2001",1116922.396,
"MEX","GDP","TOT","MLN_USD","A","2002",1137595.967,
"MEX","GDP","TOT","MLN_USD","A","2003",1184225.321,
"MEX","GDP","TOT","MLN_USD","A","2004",1263689.079,
"MEX","GDP","TOT","MLN_USD","A","2005",1341775.456,
"MEX","GDP","TOT","MLN_USD","A","2006",1485717.873,
"MEX","GDP","TOT","MLN_USD","A","2007",1560834.849,
"MEX","GDP","TOT","MLN_USD","A","2008",1653898.19,
"MEX","GDP","TOT","MLN_USD","A","2009",1636084.571,
"MEX","GDP","TOT","MLN_USD","A","2010",1740490.338,
"MEX","GDP","TOT","MLN_USD","A","2011",1911319.096,
"MEX","GDP","TOT","MLN_USD","A","2012",2012767.781,
"MEX","GDP","TOT","MLN_USD","A","2013",2064490.947,
"MEX","GDP","TOT","MLN_USD","A","2014",2173227.412,
"MEX","GDP","TOT","MLN_USD","A","2015",2230188.94,
"MEX","GDP","TOT","MLN_USD","A","2016",2383253.082,
"MEX","GDP","TOT","MLN_USD","A","2017",2460766.096,
"MEX","GDP","TOT","MLN_USD","A","2018",2535949.668,
"MEX","GDP","TOT","MLN_USD","A","2019",2529761.704,
"MEX","GDP","TOT","MLN_USD","A","2020",2333740.769,"P"
"MEX","GDP","TOT","MLN_USD","A","2021",2480684.356,"P"
"NLD","GDP","TOT","MLN_USD","A","2000",507657.002,
"NLD","GDP","TOT","MLN_USD","A","2001",532517.225,
"NLD","GDP","TOT","MLN_USD","A","2002",556285.465,
"NLD","GDP","TOT","MLN_USD","A","2003",554115.941,
"NLD","GDP","TOT","MLN_USD","A","2004",583050.276,
"NLD","GDP","TOT","MLN_USD","A","2005",614044.12,
"NLD","GDP","TOT","MLN_USD","A","2006",670372.239,
"NLD","GDP","TOT","MLN_USD","A","2007",719889.129,
"NLD","GDP","TOT","MLN_USD","A","2008",763407.575,
"NLD","GDP","TOT","MLN_USD","A","2009",736551.017,
"NLD","GDP","TOT","MLN_USD","A","2010",748383.899,
"NLD","GDP","TOT","MLN_USD","A","2011",777880.907,
"NLD","GDP","TOT","MLN_USD","A","2012",792041.828,
"NLD","GDP","TOT","MLN_USD","A","2013",827475.788,
"NLD","GDP","TOT","MLN_USD","A","2014",830318.43,
"NLD","GDP","TOT","MLN_USD","A","2015",851884.697,
"NLD","GDP","TOT","MLN_USD","A","2016",890488.555,
"NLD","GDP","TOT","MLN_USD","A","2017",943739.619,
"NLD","GDP","TOT","MLN_USD","A","2018",996447.288,
"NLD","GDP","TOT","MLN_USD","A","2019",1044307.685,
"NLD","GDP","TOT","MLN_USD","A","2020",1043402.526,
"NLD","GDP","TOT","MLN_USD","A","2021",1111051.53,"P"
"NLD","GDP","TOT","MLN_USD","A","2022",1256312.118,"P"
"NZL","GDP","TOT","MLN_USD","A","2000",82948.279,
"NZL","GDP","TOT","MLN_USD","A","2001",87413.804,
"NZL","GDP","TOT","MLN_USD","A","2002",92024.858,
"NZL","GDP","TOT","MLN_USD","A","2003",96612.844,
"NZL","GDP","TOT","MLN_USD","A","2004",102609.792,
"NZL","GDP","TOT","MLN_USD","A","2005",106147.849,
"NZL","GDP","TOT","MLN_USD","A","2006",116050.482,
"NZL","GDP","TOT","MLN_USD","A","2007",123894.65,
"NZL","GDP","TOT","MLN_USD","A","2008",127057.687,
"NZL","GDP","TOT","MLN_USD","A","2009",131998.908,
"NZL","GDP","TOT","MLN_USD","A","2010",135849.502,
"NZL","GDP","TOT","MLN_USD","A","2011",143362.869,
"NZL","GDP","TOT","MLN_USD","A","2012",145417.047,
"NZL","GDP","TOT","MLN_USD","A","2013",160992.629,
"NZL","GDP","TOT","MLN_USD","A","2014",168435.427,
"NZL","GDP","TOT","MLN_USD","A","2015",172758.809,
"NZL","GDP","TOT","MLN_USD","A","2016",188250.858,
"NZL","GDP","TOT","MLN_USD","A","2017",203223.123,
"NZL","GDP","TOT","MLN_USD","A","2018",208377.269,
"NZL","GDP","TOT","MLN_USD","A","2019",228675.405,
"NZL","GDP","TOT","MLN_USD","A","2020",231495.346,
"NZL","GDP","TOT","MLN_USD","A","2021",242673.983,"E"
"NOR","GDP","TOT","MLN_USD","A","2000",166116.067,
"NOR","GDP","TOT","MLN_USD","A","2001",170753.203,
"NOR","GDP","TOT","MLN_USD","A","2002",172705.278,
"NOR","GDP","TOT","MLN_USD","A","2003",176589.245,
"NOR","GDP","TOT","MLN_USD","A","2004",195945.827,
"NOR","GDP","TOT","MLN_USD","A","2005",221764.78,
"NOR","GDP","TOT","MLN_USD","A","2006",253382.384,
"NOR","GDP","TOT","MLN_USD","A","2007",264539.753,
"NOR","GDP","TOT","MLN_USD","A","2008",295976.05,
"NOR","GDP","TOT","MLN_USD","A","2009",268577.776,
"NOR","GDP","TOT","MLN_USD","A","2010",284685.067,
"NOR","GDP","TOT","MLN_USD","A","2011",309370.337,
"NOR","GDP","TOT","MLN_USD","A","2012",330093.373,
"NOR","GDP","TOT","MLN_USD","A","2013",342254.475,
"NOR","GDP","TOT","MLN_USD","A","2014",340765.256,
"NOR","GDP","TOT","MLN_USD","A","2015",315145.02,
"NOR","GDP","TOT","MLN_USD","A","2016",310303.322,
"NOR","GDP","TOT","MLN_USD","A","2017",340837.014,
"NOR","GDP","TOT","MLN_USD","A","2018",373182.531,
"NOR","GDP","TOT","MLN_USD","A","2019",373905.514,
"NOR","GDP","TOT","MLN_USD","A","2020",350366.117,
"NOR","GDP","TOT","MLN_USD","A","2021",442761.845,
"NOR","GDP","TOT","MLN_USD","A","2022",518561.227,
"POL","GDP","TOT","MLN_USD","A","2000",408379.539,
"POL","GDP","TOT","MLN_USD","A","2001",425389.354,
"POL","GDP","TOT","MLN_USD","A","2002",451281.404,
"POL","GDP","TOT","MLN_USD","A","2003",469499.123,
"POL","GDP","TOT","MLN_USD","A","2004",509876.065,
"POL","GDP","TOT","MLN_USD","A","2005",530377.339,
"POL","GDP","TOT","MLN_USD","A","2006",577892.055,
"POL","GDP","TOT","MLN_USD","A","2007",640614.487,
"POL","GDP","TOT","MLN_USD","A","2008",697829.214,
"POL","GDP","TOT","MLN_USD","A","2009",734041.846,
"POL","GDP","TOT","MLN_USD","A","2010",794704.641,
"POL","GDP","TOT","MLN_USD","A","2011",862451.786,
"POL","GDP","TOT","MLN_USD","A","2012",897877.763,
"POL","GDP","TOT","MLN_USD","A","2013",925133.245,
"POL","GDP","TOT","MLN_USD","A","2014",962317.654,
"POL","GDP","TOT","MLN_USD","A","2015",1018896.563,
"POL","GDP","TOT","MLN_USD","A","2016",1069459.06,
"POL","GDP","TOT","MLN_USD","A","2017",1137654.148,
"POL","GDP","TOT","MLN_USD","A","2018",1216240.494,
"POL","GDP","TOT","MLN_USD","A","2019",1327882.052,
"POL","GDP","TOT","MLN_USD","A","2020",1338432.734,
"POL","GDP","TOT","MLN_USD","A","2021",1439480.291,
"POL","GDP","TOT","MLN_USD","A","2022",1643788.812,
"PRT","GDP","TOT","MLN_USD","A","2000",194276.438,
"PRT","GDP","TOT","MLN_USD","A","2001",202369.951,
"PRT","GDP","TOT","MLN_USD","A","2002",212108.896,
"PRT","GDP","TOT","MLN_USD","A","2003",218088.817,
"PRT","GDP","TOT","MLN_USD","A","2004",225171.888,
"PRT","GDP","TOT","MLN_USD","A","2005",238691.186,
"PRT","GDP","TOT","MLN_USD","A","2006",259701.897,
"PRT","GDP","TOT","MLN_USD","A","2007",271337.567,
"PRT","GDP","TOT","MLN_USD","A","2008",281542.549,
"PRT","GDP","TOT","MLN_USD","A","2009",279627.039,
"PRT","GDP","TOT","MLN_USD","A","2010",288228.565,
"PRT","GDP","TOT","MLN_USD","A","2011",282620.91,
"PRT","GDP","TOT","MLN_USD","A","2012",277991.759,
"PRT","GDP","TOT","MLN_USD","A","2013",292135.199,
"PRT","GDP","TOT","MLN_USD","A","2014",298951.673,
"PRT","GDP","TOT","MLN_USD","A","2015",307230.008,
"PRT","GDP","TOT","MLN_USD","A","2016",326364.379,
"PRT","GDP","TOT","MLN_USD","A","2017",340370.325,
"PRT","GDP","TOT","MLN_USD","A","2018",359198.932,
"PRT","GDP","TOT","MLN_USD","A","2019",383670.579,
"PRT","GDP","TOT","MLN_USD","A","2020",359941.428,
"PRT","GDP","TOT","MLN_USD","A","2021",378292.824,"P"
"PRT","GDP","TOT","MLN_USD","A","2022",435020.402,"P"
"SVK","GDP","TOT","MLN_USD","A","2000",61316.923,
"SVK","GDP","TOT","MLN_USD","A","2001",66635.32,
"SVK","GDP","TOT","MLN_USD","A","2002",71578.565,
"SVK","GDP","TOT","MLN_USD","A","2003",76204.249,
"SVK","GDP","TOT","MLN_USD","A","2004",81800.574,
"SVK","GDP","TOT","MLN_USD","A","2005",89400.317,
"SVK","GDP","TOT","MLN_USD","A","2006",101619.588,
"SVK","GDP","TOT","MLN_USD","A","2007",114076.705,
"SVK","GDP","TOT","MLN_USD","A","2008",127626.827,
"SVK","GDP","TOT","MLN_USD","A","2009",124322.665,
"SVK","GDP","TOT","MLN_USD","A","2010",136951.599,
"SVK","GDP","TOT","MLN_USD","A","2011",141755.313,
"SVK","GDP","TOT","MLN_USD","A","2012",145972.536,
"SVK","GDP","TOT","MLN_USD","A","2013",151678.246,
"SVK","GDP","TOT","MLN_USD","A","2014",157298.526,
"SVK","GDP","TOT","MLN_USD","A","2015",163007.449,
"SVK","GDP","TOT","MLN_USD","A","2016",161498.697,
"SVK","GDP","TOT","MLN_USD","A","2017",163951.2,
"SVK","GDP","TOT","MLN_USD","A","2018",170864.165,
"SVK","GDP","TOT","MLN_USD","A","2019",182476.832,
"SVK","GDP","TOT","MLN_USD","A","2020",179661.812,
"SVK","GDP","TOT","MLN_USD","A","2021",184710.462,
"SVK","GDP","TOT","MLN_USD","A","2022",201893.756,
"ESP","GDP","TOT","MLN_USD","A","2000",875796.113,
"ESP","GDP","TOT","MLN_USD","A","2001",937663.114,
"ESP","GDP","TOT","MLN_USD","A","2002",1009753.34,
"ESP","GDP","TOT","MLN_USD","A","2003",1056690.246,
"ESP","GDP","TOT","MLN_USD","A","2004",1122140.551,
"ESP","GDP","TOT","MLN_USD","A","2005",1205129.038,
"ESP","GDP","TOT","MLN_USD","A","2006",1363807.168,
"ESP","GDP","TOT","MLN_USD","A","2007",1468679.228,
"ESP","GDP","TOT","MLN_USD","A","2008",1528583.756,
"ESP","GDP","TOT","MLN_USD","A","2009",1487912.773,
"ESP","GDP","TOT","MLN_USD","A","2010",1475606.419,
"ESP","GDP","TOT","MLN_USD","A","2011",1489594.952,
"ESP","GDP","TOT","MLN_USD","A","2012",1483654.097,
"ESP","GDP","TOT","MLN_USD","A","2013",1512561.983,
"ESP","GDP","TOT","MLN_USD","A","2014",1558986.389,
"ESP","GDP","TOT","MLN_USD","A","2015",1621825.009,
"ESP","GDP","TOT","MLN_USD","A","2016",1734116.161,
"ESP","GDP","TOT","MLN_USD","A","2017",1842770.464,
"ESP","GDP","TOT","MLN_USD","A","2018",1905450.021,
"ESP","GDP","TOT","MLN_USD","A","2019",2031924.567,
"ESP","GDP","TOT","MLN_USD","A","2020",1799328.046,"P"
"ESP","GDP","TOT","MLN_USD","A","2021",1928019.184,"P"
"ESP","GDP","TOT","MLN_USD","A","2022",2225886.52,"P"
"SWE","GDP","TOT","MLN_USD","A","2000",262827.28,
"SWE","GDP","TOT","MLN_USD","A","2001",266285.833,
"SWE","GDP","TOT","MLN_USD","A","2002",276017.772,
"SWE","GDP","TOT","MLN_USD","A","2003",285019.213,
"SWE","GDP","TOT","MLN_USD","A","2004",304510.21,
"SWE","GDP","TOT","MLN_USD","A","2005",309212.867,
"SWE","GDP","TOT","MLN_USD","A","2006",342586.778,
"SWE","GDP","TOT","MLN_USD","A","2007",374251.411,
"SWE","GDP","TOT","MLN_USD","A","2008",388684.19,
"SWE","GDP","TOT","MLN_USD","A","2009",374543.038,
"SWE","GDP","TOT","MLN_USD","A","2010",395960.987,
"SWE","GDP","TOT","MLN_USD","A","2011",421515.998,
"SWE","GDP","TOT","MLN_USD","A","2012",432488.303,
"SWE","GDP","TOT","MLN_USD","A","2013",444616.544,
"SWE","GDP","TOT","MLN_USD","A","2014",457507.758,
"SWE","GDP","TOT","MLN_USD","A","2015",481170.723,
"SWE","GDP","TOT","MLN_USD","A","2016",500423.665,
"SWE","GDP","TOT","MLN_USD","A","2017",522476.825,
"SWE","GDP","TOT","MLN_USD","A","2018",544594.071,
"SWE","GDP","TOT","MLN_USD","A","2019",579773.396,
"SWE","GDP","TOT","MLN_USD","A","2020",581247.942,
"SWE","GDP","TOT","MLN_USD","A","2021",626269.585,
"SWE","GDP","TOT","MLN_USD","A","2022",683843.355,
"CHE","GDP","TOT","MLN_USD","A","2000",263644.954,
"CHE","GDP","TOT","MLN_USD","A","2001",273425.897,
"CHE","GDP","TOT","MLN_USD","A","2002",281956.01,
"CHE","GDP","TOT","MLN_USD","A","2003",284291.816,
"CHE","GDP","TOT","MLN_USD","A","2004",296883.011,
"CHE","GDP","TOT","MLN_USD","A","2005",308825.1,
"CHE","GDP","TOT","MLN_USD","A","2006",346303.02,
"CHE","GDP","TOT","MLN_USD","A","2007",384535.816,
"CHE","GDP","TOT","MLN_USD","A","2008",411512.115,
"CHE","GDP","TOT","MLN_USD","A","2009",410217.657,
"CHE","GDP","TOT","MLN_USD","A","2010",425979.998,
"CHE","GDP","TOT","MLN_USD","A","2011",454911.977,
"CHE","GDP","TOT","MLN_USD","A","2012",475340.888,
"CHE","GDP","TOT","MLN_USD","A","2013",498760.658,
"CHE","GDP","TOT","MLN_USD","A","2014",519299.875,
"CHE","GDP","TOT","MLN_USD","A","2015",540550.996,
"CHE","GDP","TOT","MLN_USD","A","2016",563950.47,
"CHE","GDP","TOT","MLN_USD","A","2017",576360.576,
"CHE","GDP","TOT","MLN_USD","A","2018",601868.008,
"CHE","GDP","TOT","MLN_USD","A","2019",623154.669,
"CHE","GDP","TOT","MLN_USD","A","2020",611675.806,
"CHE","GDP","TOT","MLN_USD","A","2021",661282.472,
"CHE","GDP","TOT","MLN_USD","A","2022",723517.334,
"TUR","GDP","TOT","MLN_USD","A","2000",609051.499,
"TUR","GDP","TOT","MLN_USD","A","2001",595834.125,
"TUR","GDP","TOT","MLN_USD","A","2002",612446.634,
"TUR","GDP","TOT","MLN_USD","A","2003",641094.176,
"TUR","GDP","TOT","MLN_USD","A","2004",735769.103,
"TUR","GDP","TOT","MLN_USD","A","2005",815102.371,
"TUR","GDP","TOT","MLN_USD","A","2006",945237,
"TUR","GDP","TOT","MLN_USD","A","2007",1042895.517,
"TUR","GDP","TOT","MLN_USD","A","2008",1139548.435,
"TUR","GDP","TOT","MLN_USD","A","2009",1112482.011,
"TUR","GDP","TOT","MLN_USD","A","2010",1268708.962,
"TUR","GDP","TOT","MLN_USD","A","2011",1454111.872,
"TUR","GDP","TOT","MLN_USD","A","2012",1550688.484,
"TUR","GDP","TOT","MLN_USD","A","2013",1703669.602,
"TUR","GDP","TOT","MLN_USD","A","2014",1860470.92,
"TUR","GDP","TOT","MLN_USD","A","2015",2022397.778,
"TUR","GDP","TOT","MLN_USD","A","2016",2116398.303,
"TUR","GDP","TOT","MLN_USD","A","2017",2264269.34,
"TUR","GDP","TOT","MLN_USD","A","2018",2302309.895,
"TUR","GDP","TOT","MLN_USD","A","2019",2313147.025,
"TUR","GDP","TOT","MLN_USD","A","2020",2332603.593,
"TUR","GDP","TOT","MLN_USD","A","2021",2581588.441,
"GBR","GDP","TOT","MLN_USD","A","2000",1563066.645,
"GBR","GDP","TOT","MLN_USD","A","2001",1649016.749,
"GBR","GDP","TOT","MLN_USD","A","2002",1727142.294,
"GBR","GDP","TOT","MLN_USD","A","2003",1810286.499,
"GBR","GDP","TOT","MLN_USD","A","2004",1924035.983,
"GBR","GDP","TOT","MLN_USD","A","2005",1977961.259,
"GBR","GDP","TOT","MLN_USD","A","2006",2114528.072,
"GBR","GDP","TOT","MLN_USD","A","2007",2179785.126,
"GBR","GDP","TOT","MLN_USD","A","2008",2272705.028,
"GBR","GDP","TOT","MLN_USD","A","2009",2185545.224,
"GBR","GDP","TOT","MLN_USD","A","2010",2295926.826,
"GBR","GDP","TOT","MLN_USD","A","2011",2357065.652,
"GBR","GDP","TOT","MLN_USD","A","2012",2441787.874,
"GBR","GDP","TOT","MLN_USD","A","2013",2563540.009,
"GBR","GDP","TOT","MLN_USD","A","2014",2667111.912,
"GBR","GDP","TOT","MLN_USD","A","2015",2773799.776,
"GBR","GDP","TOT","MLN_USD","A","2016",2903649.696,
"GBR","GDP","TOT","MLN_USD","A","2017",3045581.584,
"GBR","GDP","TOT","MLN_USD","A","2018",3137072.362,
"GBR","GDP","TOT","MLN_USD","A","2019",3294277.295,
"GBR","GDP","TOT","MLN_USD","A","2020",3077151.591,
"GBR","GDP","TOT","MLN_USD","A","2021",3355086.227,
"GBR","GDP","TOT","MLN_USD","A","2022",3740423.339,
"USA","GDP","TOT","MLN_USD","A","2000",10250952,
"USA","GDP","TOT","MLN_USD","A","2001",10581929,
"USA","GDP","TOT","MLN_USD","A","2002",10929108,
"USA","GDP","TOT","MLN_USD","A","2003",11456450,
"USA","GDP","TOT","MLN_USD","A","2004",12217196,
"USA","GDP","TOT","MLN_USD","A","2005",13039197,
"USA","GDP","TOT","MLN_USD","A","2006",13815583,
"USA","GDP","TOT","MLN_USD","A","2007",14474228,
"USA","GDP","TOT","MLN_USD","A","2008",14769862,
"USA","GDP","TOT","MLN_USD","A","2009",14478067,
"USA","GDP","TOT","MLN_USD","A","2010",15048970,
"USA","GDP","TOT","MLN_USD","A","2011",15599731,
"USA","GDP","TOT","MLN_USD","A","2012",16253970,
"USA","GDP","TOT","MLN_USD","A","2013",16843196,
"USA","GDP","TOT","MLN_USD","A","2014",17550687,
"USA","GDP","TOT","MLN_USD","A","2015",18206023,
"USA","GDP","TOT","MLN_USD","A","2016",18695106,
"USA","GDP","TOT","MLN_USD","A","2017",19477337,
"USA","GDP","TOT","MLN_USD","A","2018",20533058,
"USA","GDP","TOT","MLN_USD","A","2019",21380976,
"USA","GDP","TOT","MLN_USD","A","2020",21060474,
"USA","GDP","TOT","MLN_USD","A","2021",23315081,
"CHL","GDP","TOT","MLN_USD","A","2000",145355.727,
"CHL","GDP","TOT","MLN_USD","A","2001",153318.303,
"CHL","GDP","TOT","MLN_USD","A","2002",160694.75,
"CHL","GDP","TOT","MLN_USD","A","2003",171606.235,
"CHL","GDP","TOT","MLN_USD","A","2004",187973.653,
"CHL","GDP","TOT","MLN_USD","A","2005",205184.273,
"CHL","GDP","TOT","MLN_USD","A","2006",256070.317,
"CHL","GDP","TOT","MLN_USD","A","2007",278373.993,
"CHL","GDP","TOT","MLN_USD","A","2008",275754.672,
"CHL","GDP","TOT","MLN_USD","A","2009",271327.848,
"CHL","GDP","TOT","MLN_USD","A","2010",307855.679,
"CHL","GDP","TOT","MLN_USD","A","2011",349147.753,
"CHL","GDP","TOT","MLN_USD","A","2012",374316.588,
"CHL","GDP","TOT","MLN_USD","A","2013",392670.383,
"CHL","GDP","TOT","MLN_USD","A","2014",402902.197,
"CHL","GDP","TOT","MLN_USD","A","2015",405499.672,
"CHL","GDP","TOT","MLN_USD","A","2016",424831.696,
"CHL","GDP","TOT","MLN_USD","A","2017",450891.85,
"CHL","GDP","TOT","MLN_USD","A","2018",478093.911,
"CHL","GDP","TOT","MLN_USD","A","2019",487574.468,
"CHL","GDP","TOT","MLN_USD","A","2020",478780.35,
"CHL","GDP","TOT","MLN_USD","A","2021",552981.397,
"CHN","GDP","TOT","MLN_USD","A","2000",3683440.252,
"CHN","GDP","TOT","MLN_USD","A","2001",4080386.422,
"CHN","GDP","TOT","MLN_USD","A","2002",4522476.428,
"CHN","GDP","TOT","MLN_USD","A","2003",5074658.797,
"CHN","GDP","TOT","MLN_USD","A","2004",5737895.201,
"CHN","GDP","TOT","MLN_USD","A","2005",6592135.857,
"CHN","GDP","TOT","MLN_USD","A","2006",7660000.527,
"CHN","GDP","TOT","MLN_USD","A","2007",8986556.087,
"CHN","GDP","TOT","MLN_USD","A","2008",10042809.899,
"CHN","GDP","TOT","MLN_USD","A","2009",11057124.917,
"CHN","GDP","TOT","MLN_USD","A","2010",12380166.279,
"CHN","GDP","TOT","MLN_USD","A","2011",13844365.747,
"CHN","GDP","TOT","MLN_USD","A","2012",15124539.502,
"CHN","GDP","TOT","MLN_USD","A","2013",16185062.522,
"CHN","GDP","TOT","MLN_USD","A","2014",17121277.096,
"CHN","GDP","TOT","MLN_USD","A","2015",17796747.039,
"CHN","GDP","TOT","MLN_USD","A","2016",18712097.153,
"CHN","GDP","TOT","MLN_USD","A","2017",19887035.113,
"CHN","GDP","TOT","MLN_USD","A","2018",21736534.82,
"CHN","GDP","TOT","MLN_USD","A","2019",23441908.773,
"CHN","GDP","TOT","MLN_USD","A","2020",24255795.538,
"CHN","GDP","TOT","MLN_USD","A","2021",27445503.77,
"CHN","GDP","TOT","MLN_USD","A","2022",30090699.886,
"COL","GDP","TOT","MLN_USD","A","2000",262505.613,"E"
"COL","GDP","TOT","MLN_USD","A","2001",272923.486,"E"
"COL","GDP","TOT","MLN_USD","A","2002",284117.115,"E"
"COL","GDP","TOT","MLN_USD","A","2003",301077.682,"E"
"COL","GDP","TOT","MLN_USD","A","2004",325646.983,"E"
"COL","GDP","TOT","MLN_USD","A","2005",351665.953,
"COL","GDP","TOT","MLN_USD","A","2006",386866.635,
"COL","GDP","TOT","MLN_USD","A","2007",424094.282,
"COL","GDP","TOT","MLN_USD","A","2008",446420.184,
"COL","GDP","TOT","MLN_USD","A","2009",454401.715,
"COL","GDP","TOT","MLN_USD","A","2010",480532.035,
"COL","GDP","TOT","MLN_USD","A","2011",524596.546,
"COL","GDP","TOT","MLN_USD","A","2012",548251.361,
"COL","GDP","TOT","MLN_USD","A","2013",585888.316,
"COL","GDP","TOT","MLN_USD","A","2014",618792.732,
"COL","GDP","TOT","MLN_USD","A","2015",624119.465,
"COL","GDP","TOT","MLN_USD","A","2016",665398.39,
"COL","GDP","TOT","MLN_USD","A","2017",693117.075,
"COL","GDP","TOT","MLN_USD","A","2018",747103.675,
"COL","GDP","TOT","MLN_USD","A","2019",796590.015,
"COL","GDP","TOT","MLN_USD","A","2020",769962.766,"P"
"COL","GDP","TOT","MLN_USD","A","2021",869840.596,"E"
"EST","GDP","TOT","MLN_USD","A","2000",13163.947,
"EST","GDP","TOT","MLN_USD","A","2001",14320.132,
"EST","GDP","TOT","MLN_USD","A","2002",16087.747,
"EST","GDP","TOT","MLN_USD","A","2003",18001.981,
"EST","GDP","TOT","MLN_USD","A","2004",19806.609,
"EST","GDP","TOT","MLN_USD","A","2005",22536.556,
"EST","GDP","TOT","MLN_USD","A","2006",26052.778,
"EST","GDP","TOT","MLN_USD","A","2007",29760.437,
"EST","GDP","TOT","MLN_USD","A","2008",30488.762,
"EST","GDP","TOT","MLN_USD","A","2009",27328.306,
"EST","GDP","TOT","MLN_USD","A","2010",28784.31,
"EST","GDP","TOT","MLN_USD","A","2011",32598.245,
"EST","GDP","TOT","MLN_USD","A","2012",34384.891,
"EST","GDP","TOT","MLN_USD","A","2013",36198.154,
"EST","GDP","TOT","MLN_USD","A","2014",38050.086,
"EST","GDP","TOT","MLN_USD","A","2015",38378.235,
"EST","GDP","TOT","MLN_USD","A","2016",41201.029,
"EST","GDP","TOT","MLN_USD","A","2017",44556.482,
"EST","GDP","TOT","MLN_USD","A","2018",48133.366,
"EST","GDP","TOT","MLN_USD","A","2019",51758.554,
"EST","GDP","TOT","MLN_USD","A","2020",52438.777,
"EST","GDP","TOT","MLN_USD","A","2021",57864.708,
"EST","GDP","TOT","MLN_USD","A","2022",63555.067,
"IND","GDP","TOT","MLN_USD","A","2000",2182190.876,"E"
"IND","GDP","TOT","MLN_USD","A","2001",2338994.39,"E"
"IND","GDP","TOT","MLN_USD","A","2002",2465809.82,"E"
"IND","GDP","TOT","MLN_USD","A","2003",2712122.354,"E"
"IND","GDP","TOT","MLN_USD","A","2004",3005573.457,"E"
"IND","GDP","TOT","MLN_USD","A","2005",3343217.019,"E"
"IND","GDP","TOT","MLN_USD","A","2006",3696921.384,"E"
"IND","GDP","TOT","MLN_USD","A","2007",4122654.665,"E"
"IND","GDP","TOT","MLN_USD","A","2008",4344051.884,"E"
"IND","GDP","TOT","MLN_USD","A","2009",4699354.982,"E"
"IND","GDP","TOT","MLN_USD","A","2010",5170609.612,"E"
"IND","GDP","TOT","MLN_USD","A","2011",5618380.736,
"IND","GDP","TOT","MLN_USD","A","2012",6153155.414,
"IND","GDP","TOT","MLN_USD","A","2013",6477517.562,
"IND","GDP","TOT","MLN_USD","A","2014",6781021.981,
"IND","GDP","TOT","MLN_USD","A","2015",7159798.323,
"IND","GDP","TOT","MLN_USD","A","2016",7735001.686,
"IND","GDP","TOT","MLN_USD","A","2017",8276934.252,
"IND","GDP","TOT","MLN_USD","A","2018",9015546.032,
"IND","GDP","TOT","MLN_USD","A","2019",9657283.711,
"IDN","GDP","TOT","MLN_USD","A","2000",1096681.028,"E"
"IDN","GDP","TOT","MLN_USD","A","2001",1162246.151,"E"
"IDN","GDP","TOT","MLN_USD","A","2002",1233470.135,"E"
"IDN","GDP","TOT","MLN_USD","A","2003",1317942.04,"E"
"IDN","GDP","TOT","MLN_USD","A","2004",1421404.855,"E"
"IDN","GDP","TOT","MLN_USD","A","2005",1549429.431,"E"
"IDN","GDP","TOT","MLN_USD","A","2006",1685101.674,"E"
"IDN","GDP","TOT","MLN_USD","A","2007",1840451.613,"E"
"IDN","GDP","TOT","MLN_USD","A","2008",1988552.302,
"IDN","GDP","TOT","MLN_USD","A","2009",2051977.559,
"IDN","GDP","TOT","MLN_USD","A","2010",2057206.51,
"IDN","GDP","TOT","MLN_USD","A","2011",2229511.719,
"IDN","GDP","TOT","MLN_USD","A","2012",2413435.226,
"IDN","GDP","TOT","MLN_USD","A","2013",2535041.373,
"IDN","GDP","TOT","MLN_USD","A","2014",2622251.601,
"IDN","GDP","TOT","MLN_USD","A","2015",2647706.549,
"IDN","GDP","TOT","MLN_USD","A","2016",2744896.64,
"IDN","GDP","TOT","MLN_USD","A","2017",2894125.53,
"IDN","GDP","TOT","MLN_USD","A","2018",3116594.552,
"IDN","GDP","TOT","MLN_USD","A","2019",3331570.511,
"IDN","GDP","TOT","MLN_USD","A","2020",3303238.766,
"IDN","GDP","TOT","MLN_USD","A","2021",3567505.282,
"IDN","GDP","TOT","MLN_USD","A","2022",3969883.308,
"ISR","GDP","TOT","MLN_USD","A","2000",161552.004,
"ISR","GDP","TOT","MLN_USD","A","2001",165744.603,
"ISR","GDP","TOT","MLN_USD","A","2002",171113.643,
"ISR","GDP","TOT","MLN_USD","A","2003",164889.278,
"ISR","GDP","TOT","MLN_USD","A","2004",177417.341,
"ISR","GDP","TOT","MLN_USD","A","2005",177584.13,
"ISR","GDP","TOT","MLN_USD","A","2006",185769.275,
"ISR","GDP","TOT","MLN_USD","A","2007",202300.844,
"ISR","GDP","TOT","MLN_USD","A","2008",204609.025,
"ISR","GDP","TOT","MLN_USD","A","2009",208871.517,
"ISR","GDP","TOT","MLN_USD","A","2010",223363.617,
"ISR","GDP","TOT","MLN_USD","A","2011",241995.627,
"ISR","GDP","TOT","MLN_USD","A","2012",255688.728,
"ISR","GDP","TOT","MLN_USD","A","2013",279990.229,
"ISR","GDP","TOT","MLN_USD","A","2014",285416.076,
"ISR","GDP","TOT","MLN_USD","A","2015",300546.18,
"ISR","GDP","TOT","MLN_USD","A","2016",326528.81,
"ISR","GDP","TOT","MLN_USD","A","2017",343723.666,
"ISR","GDP","TOT","MLN_USD","A","2018",357372.009,
"ISR","GDP","TOT","MLN_USD","A","2019",370643.668,
"ISR","GDP","TOT","MLN_USD","A","2020",370624.727,
"ISR","GDP","TOT","MLN_USD","A","2021",412651.502,
"RUS","GDP","TOT","MLN_USD","A","2000",1073593.408,"E"
"RUS","GDP","TOT","MLN_USD","A","2001",1152998.495,"E"
"RUS","GDP","TOT","MLN_USD","A","2002",1253122.777,"E"
"RUS","GDP","TOT","MLN_USD","A","2003",1437840.922,"E"
"RUS","GDP","TOT","MLN_USD","A","2004",1582506.988,"E"
"RUS","GDP","TOT","MLN_USD","A","2005",1822444.794,"E"
"RUS","GDP","TOT","MLN_USD","A","2006",2291243.855,"E"
"RUS","GDP","TOT","MLN_USD","A","2007",2553606.502,"E"
"RUS","GDP","TOT","MLN_USD","A","2008",3091455.591,"E"
"RUS","GDP","TOT","MLN_USD","A","2009",2973733.08,"E"
"RUS","GDP","TOT","MLN_USD","A","2010",3143873.887,"E"
"RUS","GDP","TOT","MLN_USD","A","2011",3259319.17,
"RUS","GDP","TOT","MLN_USD","A","2012",3480301.72,
"RUS","GDP","TOT","MLN_USD","A","2013",3741783.371,
"RUS","GDP","TOT","MLN_USD","A","2014",3763536.922,
"RUS","GDP","TOT","MLN_USD","A","2015",3526234.314,
"RUS","GDP","TOT","MLN_USD","A","2016",3538975.3,
"RUS","GDP","TOT","MLN_USD","A","2017",3807099.411,
"RUS","GDP","TOT","MLN_USD","A","2018",4231840.387,
"RUS","GDP","TOT","MLN_USD","A","2019",4398115.281,
"RUS","GDP","TOT","MLN_USD","A","2020",4367291.715,
"SVN","GDP","TOT","MLN_USD","A","2000",35809.984,
"SVN","GDP","TOT","MLN_USD","A","2001",37753.179,
"SVN","GDP","TOT","MLN_USD","A","2002",40372.33,
"SVN","GDP","TOT","MLN_USD","A","2003",42136.787,
"SVN","GDP","TOT","MLN_USD","A","2004",45454.14,
"SVN","GDP","TOT","MLN_USD","A","2005",47716.594,
"SVN","GDP","TOT","MLN_USD","A","2006",51614.174,
"SVN","GDP","TOT","MLN_USD","A","2007",55646.935,
"SVN","GDP","TOT","MLN_USD","A","2008",59839.586,
"SVN","GDP","TOT","MLN_USD","A","2009",56168.448,
"SVN","GDP","TOT","MLN_USD","A","2010",57002.774,
"SVN","GDP","TOT","MLN_USD","A","2011",59391.555,
"SVN","GDP","TOT","MLN_USD","A","2012",59745.667,
"SVN","GDP","TOT","MLN_USD","A","2013",61744.434,
"SVN","GDP","TOT","MLN_USD","A","2014",63653.392,
"SVN","GDP","TOT","MLN_USD","A","2015",65265.909,
"SVN","GDP","TOT","MLN_USD","A","2016",70079.359,
"SVN","GDP","TOT","MLN_USD","A","2017",75438.709,
"SVN","GDP","TOT","MLN_USD","A","2018",80823.475,
"SVN","GDP","TOT","MLN_USD","A","2019",87897.466,
"SVN","GDP","TOT","MLN_USD","A","2020",85929.679,
"SVN","GDP","TOT","MLN_USD","A","2021",92701.12,
"SVN","GDP","TOT","MLN_USD","A","2022",106933.333,
"ZAF","GDP","TOT","MLN_USD","A","2000",343008.492,
"ZAF","GDP","TOT","MLN_USD","A","2001",359676.173,
"ZAF","GDP","TOT","MLN_USD","A","2002",377678.895,
"ZAF","GDP","TOT","MLN_USD","A","2003",394246.523,
"ZAF","GDP","TOT","MLN_USD","A","2004",425203.19,
"ZAF","GDP","TOT","MLN_USD","A","2005",461031.989,
"ZAF","GDP","TOT","MLN_USD","A","2006",502791.945,
"ZAF","GDP","TOT","MLN_USD","A","2007",547094.42,
"ZAF","GDP","TOT","MLN_USD","A","2008",580614.765,
"ZAF","GDP","TOT","MLN_USD","A","2009",569214.497,
"ZAF","GDP","TOT","MLN_USD","A","2010",594810.811,
"ZAF","GDP","TOT","MLN_USD","A","2011",633011.149,
"ZAF","GDP","TOT","MLN_USD","A","2012",637033.795,
"ZAF","GDP","TOT","MLN_USD","A","2013",668457.699,
"ZAF","GDP","TOT","MLN_USD","A","2014",682954.739,
"ZAF","GDP","TOT","MLN_USD","A","2015",695228.551,
"ZAF","GDP","TOT","MLN_USD","A","2016",707743.902,
"ZAF","GDP","TOT","MLN_USD","A","2017",724100.729,
"ZAF","GDP","TOT","MLN_USD","A","2018",748464.912,
"ZAF","GDP","TOT","MLN_USD","A","2019",758517.157,
"ZAF","GDP","TOT","MLN_USD","A","2020",711486.517,
"OECD","GDP","TOT","MLN_USD","A","2000",29639934.514,"E"
"OECD","GDP","TOT","MLN_USD","A","2001",30792743.013,"E"
"OECD","GDP","TOT","MLN_USD","A","2002",31978352.151,"E"
"OECD","GDP","TOT","MLN_USD","A","2003",33179921.634,"E"
"OECD","GDP","TOT","MLN_USD","A","2004",35193101.161,"E"
"OECD","GDP","TOT","MLN_USD","A","2005",37115131.305,
"OECD","GDP","TOT","MLN_USD","A","2006",39873270.848,
"OECD","GDP","TOT","MLN_USD","A","2007",42133412.354,
"OECD","GDP","TOT","MLN_USD","A","2008",43561769.644,
"OECD","GDP","TOT","MLN_USD","A","2009",42648362.558,
"OECD","GDP","TOT","MLN_USD","A","2010",44614983.176,"B"
"OECD","GDP","TOT","MLN_USD","A","2011",46680321.322,
"OECD","GDP","TOT","MLN_USD","A","2012",48206985.469,
"OECD","GDP","TOT","MLN_USD","A","2013",50240584.44,
"OECD","GDP","TOT","MLN_USD","A","2014",52015538.544,
"OECD","GDP","TOT","MLN_USD","A","2015",53835508.391,
"OECD","GDP","TOT","MLN_USD","A","2016",56064404.953,
"OECD","GDP","TOT","MLN_USD","A","2017",58546353.871,
"OECD","GDP","TOT","MLN_USD","A","2018",61187845.204,
"OECD","GDP","TOT","MLN_USD","A","2019",63585829.629,"P"
"OECD","GDP","TOT","MLN_USD","A","2020",62106507.197,"P"
"OECD","GDP","TOT","MLN_USD","A","2021",67315574.348,"E"
"OECDE","GDP","TOT","MLN_USD","A","2000",11835516.806,
"OECDE","GDP","TOT","MLN_USD","A","2001",12386233.505,
"OECDE","GDP","TOT","MLN_USD","A","2002",12929235.844,
"OECDE","GDP","TOT","MLN_USD","A","2003",13292712.769,
"OECDE","GDP","TOT","MLN_USD","A","2004",14034712.826,
"OECDE","GDP","TOT","MLN_USD","A","2005",14635298.72,
"OECDE","GDP","TOT","MLN_USD","A","2006",15959149.666,
"OECDE","GDP","TOT","MLN_USD","A","2007",16991074.082,
"OECDE","GDP","TOT","MLN_USD","A","2008",17845813.801,
"OECDE","GDP","TOT","MLN_USD","A","2009",17449209.802,
"OECDE","GDP","TOT","MLN_USD","A","2010",18212352.44,"B"
"OECDE","GDP","TOT","MLN_USD","A","2011",19167315.085,
"OECDE","GDP","TOT","MLN_USD","A","2012",19597578.024,
"OECDE","GDP","TOT","MLN_USD","A","2013",20432856.844,
"OECDE","GDP","TOT","MLN_USD","A","2014",21170755.109,
"OECDE","GDP","TOT","MLN_USD","A","2015",21958024.719,
"OECDE","GDP","TOT","MLN_USD","A","2016",23210765.353,
"OECDE","GDP","TOT","MLN_USD","A","2017",24437823.222,
"OECDE","GDP","TOT","MLN_USD","A","2018",25479952.725,
"OECDE","GDP","TOT","MLN_USD","A","2019",26865281.787,"P"
"OECDE","GDP","TOT","MLN_USD","A","2020",25944624.106,"P"
"OECDE","GDP","TOT","MLN_USD","A","2021",27893963.041,"P"
"LVA","GDP","TOT","MLN_USD","A","2000",19036.49,
"LVA","GDP","TOT","MLN_USD","A","2001",21141.928,
"LVA","GDP","TOT","MLN_USD","A","2002",23289.29,
"LVA","GDP","TOT","MLN_USD","A","2003",25308.173,
"LVA","GDP","TOT","MLN_USD","A","2004",27788.249,
"LVA","GDP","TOT","MLN_USD","A","2005",31150.315,
"LVA","GDP","TOT","MLN_USD","A","2006",35176.485,
"LVA","GDP","TOT","MLN_USD","A","2007",40130.888,
"LVA","GDP","TOT","MLN_USD","A","2008",42617.048,
"LVA","GDP","TOT","MLN_USD","A","2009",36461.114,
"LVA","GDP","TOT","MLN_USD","A","2010",37140.929,
"LVA","GDP","TOT","MLN_USD","A","2011",39646.372,
"LVA","GDP","TOT","MLN_USD","A","2012",43311.605,
"LVA","GDP","TOT","MLN_USD","A","2013",45564.445,
"LVA","GDP","TOT","MLN_USD","A","2014",47483.528,
"LVA","GDP","TOT","MLN_USD","A","2015",49384.341,
"LVA","GDP","TOT","MLN_USD","A","2016",52362.25,
"LVA","GDP","TOT","MLN_USD","A","2017",55691.224,
"LVA","GDP","TOT","MLN_USD","A","2018",59505.492,
"LVA","GDP","TOT","MLN_USD","A","2019",63017.996,
"LVA","GDP","TOT","MLN_USD","A","2020",62750.162,
"LVA","GDP","TOT","MLN_USD","A","2021",65991.926,
"LVA","GDP","TOT","MLN_USD","A","2022",76741.786,
"BRA","GDP","TOT","MLN_USD","A","2000",1581938.975,
"BRA","GDP","TOT","MLN_USD","A","2001",1640061.943,
"BRA","GDP","TOT","MLN_USD","A","2002",1716481.967,
"BRA","GDP","TOT","MLN_USD","A","2003",1770327.052,
"BRA","GDP","TOT","MLN_USD","A","2004",1922557.353,
"BRA","GDP","TOT","MLN_USD","A","2005",2046338.703,
"BRA","GDP","TOT","MLN_USD","A","2006",2193057.5,
"BRA","GDP","TOT","MLN_USD","A","2007",2389038.767,
"BRA","GDP","TOT","MLN_USD","A","2008",2558895.378,
"BRA","GDP","TOT","MLN_USD","A","2009",2572056.669,
"BRA","GDP","TOT","MLN_USD","A","2010",2798924.733,
"BRA","GDP","TOT","MLN_USD","A","2011",2970630.763,
"BRA","GDP","TOT","MLN_USD","A","2012",2998534.425,
"BRA","GDP","TOT","MLN_USD","A","2013",3133893.65,
"BRA","GDP","TOT","MLN_USD","A","2014",3187155.079,
"BRA","GDP","TOT","MLN_USD","A","2015",3014754.849,
"BRA","GDP","TOT","MLN_USD","A","2016",2939094.21,
"BRA","GDP","TOT","MLN_USD","A","2017",3018705.989,
"BRA","GDP","TOT","MLN_USD","A","2018",3145953.19,
"BRA","GDP","TOT","MLN_USD","A","2019",3241317.4,
"BRA","GDP","TOT","MLN_USD","A","2020",3213097.741,
"LTU","GDP","TOT","MLN_USD","A","2000",29560.652,
"LTU","GDP","TOT","MLN_USD","A","2001",32755.919,
"LTU","GDP","TOT","MLN_USD","A","2002",36085.771,
"LTU","GDP","TOT","MLN_USD","A","2003",41215.623,
"LTU","GDP","TOT","MLN_USD","A","2004",44005.046,
"LTU","GDP","TOT","MLN_USD","A","2005",48211.86,
"LTU","GDP","TOT","MLN_USD","A","2006",53892.771,
"LTU","GDP","TOT","MLN_USD","A","2007",61707.148,
"LTU","GDP","TOT","MLN_USD","A","2008",66270.635,
"LTU","GDP","TOT","MLN_USD","A","2009",57304.636,
"LTU","GDP","TOT","MLN_USD","A","2010",62244.934,
"LTU","GDP","TOT","MLN_USD","A","2011",69298.245,
"LTU","GDP","TOT","MLN_USD","A","2012",73809.042,
"LTU","GDP","TOT","MLN_USD","A","2013",79034.188,
"LTU","GDP","TOT","MLN_USD","A","2014",82647.295,
"LTU","GDP","TOT","MLN_USD","A","2015",83761.504,
"LTU","GDP","TOT","MLN_USD","A","2016",88700.479,
"LTU","GDP","TOT","MLN_USD","A","2017",95492.278,
"LTU","GDP","TOT","MLN_USD","A","2018",101910.429,
"LTU","GDP","TOT","MLN_USD","A","2019",111628.422,
"LTU","GDP","TOT","MLN_USD","A","2020",112154.097,
"LTU","GDP","TOT","MLN_USD","A","2021",122723.588,
"LTU","GDP","TOT","MLN_USD","A","2022",139748.025,
"SAU","GDP","TOT","MLN_USD","A","2000",823191.702,
"SAU","GDP","TOT","MLN_USD","A","2001",831546.819,
"SAU","GDP","TOT","MLN_USD","A","2002",820698.401,
"SAU","GDP","TOT","MLN_USD","A","2003",930980.027,
"SAU","GDP","TOT","MLN_USD","A","2004",1032051.752,
"SAU","GDP","TOT","MLN_USD","A","2005",1123743.981,
"SAU","GDP","TOT","MLN_USD","A","2006",1190719.394,
"SAU","GDP","TOT","MLN_USD","A","2007",1245487.434,
"SAU","GDP","TOT","MLN_USD","A","2008",1348708.101,
"SAU","GDP","TOT","MLN_USD","A","2009",1329401.44,
"SAU","GDP","TOT","MLN_USD","A","2010",1413178.186,
"SAU","GDP","TOT","MLN_USD","A","2011",1586748.761,
"SAU","GDP","TOT","MLN_USD","A","2012",1672470.749,
"SAU","GDP","TOT","MLN_USD","A","2013",1680157.97,
"SAU","GDP","TOT","MLN_USD","A","2014",1722861.782,
"SAU","GDP","TOT","MLN_USD","A","2015",1541831.733,
"SAU","GDP","TOT","MLN_USD","A","2016",1475672.107,
"SAU","GDP","TOT","MLN_USD","A","2017",1565891.582,
"SAU","GDP","TOT","MLN_USD","A","2018",1643610.545,
"SAU","GDP","TOT","MLN_USD","A","2019",1678594.247,
"SAU","GDP","TOT","MLN_USD","A","2020",1628533.458,
"SAU","GDP","TOT","MLN_USD","A","2021",1751177.858,
"EA19","GDP","TOT","MLN_USD","A","2000",8131923.536,
"EA19","GDP","TOT","MLN_USD","A","2001",8543841.024,
"EA19","GDP","TOT","MLN_USD","A","2002",8920888.895,
"EA19","GDP","TOT","MLN_USD","A","2003",9116388.844,
"EA19","GDP","TOT","MLN_USD","A","2004",9524901.492,
"EA19","GDP","TOT","MLN_USD","A","2005",9903083.567,
"EA19","GDP","TOT","MLN_USD","A","2006",10760408.206,
"EA19","GDP","TOT","MLN_USD","A","2007",11445915.289,
"EA19","GDP","TOT","MLN_USD","A","2008",11933269.728,
"EA19","GDP","TOT","MLN_USD","A","2009",11663572.585,
"EA19","GDP","TOT","MLN_USD","A","2010",12023196.718,
"EA19","GDP","TOT","MLN_USD","A","2011",12553985.384,
"EA19","GDP","TOT","MLN_USD","A","2012",12707300.052,
"EA19","GDP","TOT","MLN_USD","A","2013",13151205.465,
"EA19","GDP","TOT","MLN_USD","A","2014",13522902.012,
"EA19","GDP","TOT","MLN_USD","A","2015",13933564.76,
"EA19","GDP","TOT","MLN_USD","A","2016",14824003.857,
"EA19","GDP","TOT","MLN_USD","A","2017",15565737.664,
"EA19","GDP","TOT","MLN_USD","A","2018",16259659.385,
"EA19","GDP","TOT","MLN_USD","A","2019",17236467.348,
"EA19","GDP","TOT","MLN_USD","A","2020",16545535.12,
"EA19","GDP","TOT","MLN_USD","A","2021",17610961.754,
"EA19","GDP","TOT","MLN_USD","A","2022",19499796.552,
"ARG","GDP","TOT","MLN_USD","A","2004",470302.946,
"ARG","GDP","TOT","MLN_USD","A","2005",527985.869,
"ARG","GDP","TOT","MLN_USD","A","2006",588076.13,
"ARG","GDP","TOT","MLN_USD","A","2007",658372.467,
"ARG","GDP","TOT","MLN_USD","A","2008",698223.628,
"ARG","GDP","TOT","MLN_USD","A","2009",661109.513,
"ARG","GDP","TOT","MLN_USD","A","2010",736799.121,
"ARG","GDP","TOT","MLN_USD","A","2011",797263.882,
"ARG","GDP","TOT","MLN_USD","A","2012",819697.902,
"ARG","GDP","TOT","MLN_USD","A","2013",849616,
"ARG","GDP","TOT","MLN_USD","A","2014",839896.688,
"ARG","GDP","TOT","MLN_USD","A","2015",867176.759,
"ARG","GDP","TOT","MLN_USD","A","2016",885227.529,
"ARG","GDP","TOT","MLN_USD","A","2017",1039330.592,
"ARG","GDP","TOT","MLN_USD","A","2018",1036307.018,
"ARG","GDP","TOT","MLN_USD","A","2019",1045428.557,
"ARG","GDP","TOT","MLN_USD","A","2020",952070.065,
"ARG","GDP","TOT","MLN_USD","A","2021",1092845.898,
"CRI","GDP","TOT","MLN_USD","A","2000",31917.39,
"CRI","GDP","TOT","MLN_USD","A","2001",33775.851,
"CRI","GDP","TOT","MLN_USD","A","2002",35474.31,
"CRI","GDP","TOT","MLN_USD","A","2003",37736.191,
"CRI","GDP","TOT","MLN_USD","A","2004",40463.66,
"CRI","GDP","TOT","MLN_USD","A","2005",43392.076,
"CRI","GDP","TOT","MLN_USD","A","2006",48008.272,
"CRI","GDP","TOT","MLN_USD","A","2007",53356.257,
"CRI","GDP","TOT","MLN_USD","A","2008",56956.205,
"CRI","GDP","TOT","MLN_USD","A","2009",56820.586,
"CRI","GDP","TOT","MLN_USD","A","2010",60585.846,
"CRI","GDP","TOT","MLN_USD","A","2011",64567.752,
"CRI","GDP","TOT","MLN_USD","A","2012",69073.803,
"CRI","GDP","TOT","MLN_USD","A","2013",73210.057,
"CRI","GDP","TOT","MLN_USD","A","2014",79269.13,
"CRI","GDP","TOT","MLN_USD","A","2015",85240.084,
"CRI","GDP","TOT","MLN_USD","A","2016",93454.856,
"CRI","GDP","TOT","MLN_USD","A","2017",100716.907,
"CRI","GDP","TOT","MLN_USD","A","2018",106583.345,
"CRI","GDP","TOT","MLN_USD","A","2019",114952.28,
"CRI","GDP","TOT","MLN_USD","A","2020",111138.964,
"CRI","GDP","TOT","MLN_USD","A","2021",116703.599,"E"
"CRI","GDP","TOT","MLN_USD","A","2022",127686.494,"E"
"BGR","GDP","TOT","MLN_USD","A","2000",52475.709,
"BGR","GDP","TOT","MLN_USD","A","2001",55744.337,
"BGR","GDP","TOT","MLN_USD","A","2002",61023.358,
"BGR","GDP","TOT","MLN_USD","A","2003",65448.101,
"BGR","GDP","TOT","MLN_USD","A","2004",71006.946,
"BGR","GDP","TOT","MLN_USD","A","2005",78822.024,
"BGR","GDP","TOT","MLN_USD","A","2006",86700.397,
"BGR","GDP","TOT","MLN_USD","A","2007",96737.56,
"BGR","GDP","TOT","MLN_USD","A","2008",107494.62,
"BGR","GDP","TOT","MLN_USD","A","2009",105576.224,
"BGR","GDP","TOT","MLN_USD","A","2010",110611.259,
"BGR","GDP","TOT","MLN_USD","A","2011",115714.883,
"BGR","GDP","TOT","MLN_USD","A","2012",119289.705,
"BGR","GDP","TOT","MLN_USD","A","2013",120942.775,
"BGR","GDP","TOT","MLN_USD","A","2014",127262.827,
"BGR","GDP","TOT","MLN_USD","A","2015",132016.884,
"BGR","GDP","TOT","MLN_USD","A","2016",143086.483,
"BGR","GDP","TOT","MLN_USD","A","2017",151919.87,
"BGR","GDP","TOT","MLN_USD","A","2018",161687.808,
"BGR","GDP","TOT","MLN_USD","A","2019",175580.42,
"BGR","GDP","TOT","MLN_USD","A","2020",175386.724,
"BGR","GDP","TOT","MLN_USD","A","2021",193304.902,
"HRV","GDP","TOT","MLN_USD","A","2000",47674.298,
"HRV","GDP","TOT","MLN_USD","A","2001",50092.732,
"HRV","GDP","TOT","MLN_USD","A","2002",54959.264,
"HRV","GDP","TOT","MLN_USD","A","2003",58945.143,
"HRV","GDP","TOT","MLN_USD","A","2004",63253.511,
"HRV","GDP","TOT","MLN_USD","A","2005",66614.055,
"HRV","GDP","TOT","MLN_USD","A","2006",75927.612,
"HRV","GDP","TOT","MLN_USD","A","2007",84167.582,
"HRV","GDP","TOT","MLN_USD","A","2008",90410.796,
"HRV","GDP","TOT","MLN_USD","A","2009",87082.208,
"HRV","GDP","TOT","MLN_USD","A","2010",86116.247,
"HRV","GDP","TOT","MLN_USD","A","2011",90295.751,
"HRV","GDP","TOT","MLN_USD","A","2012",91597.876,
"HRV","GDP","TOT","MLN_USD","A","2013",94198.785,
"HRV","GDP","TOT","MLN_USD","A","2014",94773.754,
"HRV","GDP","TOT","MLN_USD","A","2015",98104.634,
"HRV","GDP","TOT","MLN_USD","A","2016",105445.408,
"HRV","GDP","TOT","MLN_USD","A","2017",112215.476,
"HRV","GDP","TOT","MLN_USD","A","2018",118176.489,
"HRV","GDP","TOT","MLN_USD","A","2019",128412.794,
"HRV","GDP","TOT","MLN_USD","A","2020",120163.984,
"HRV","GDP","TOT","MLN_USD","A","2021",134651.558,"P"
"CYP","GDP","TOT","MLN_USD","A","2000",14776.774,
"CYP","GDP","TOT","MLN_USD","A","2001",16041.185,
"CYP","GDP","TOT","MLN_USD","A","2002",16716.202,
"CYP","GDP","TOT","MLN_USD","A","2003",17441.165,
"CYP","GDP","TOT","MLN_USD","A","2004",18887.345,
"CYP","GDP","TOT","MLN_USD","A","2005",20504.268,
"CYP","GDP","TOT","MLN_USD","A","2006",22537.131,
"CYP","GDP","TOT","MLN_USD","A","2007",25227.215,
"CYP","GDP","TOT","MLN_USD","A","2008",27398.547,
"CYP","GDP","TOT","MLN_USD","A","2009",27381.554,
"CYP","GDP","TOT","MLN_USD","A","2010",27722.797,
"CYP","GDP","TOT","MLN_USD","A","2011",28345.89,
"CYP","GDP","TOT","MLN_USD","A","2012",27503.368,
"CYP","GDP","TOT","MLN_USD","A","2013",26181.601,
"CYP","GDP","TOT","MLN_USD","A","2014",25643.442,
"CYP","GDP","TOT","MLN_USD","A","2015",26968.719,
"CYP","GDP","TOT","MLN_USD","A","2016",30417.001,
"CYP","GDP","TOT","MLN_USD","A","2017",32909.265,
"CYP","GDP","TOT","MLN_USD","A","2018",35289.18,
"CYP","GDP","TOT","MLN_USD","A","2019",38561.465,
"CYP","GDP","TOT","MLN_USD","A","2020",36480.943,"P"
"CYP","GDP","TOT","MLN_USD","A","2021",39001.275,"P"
"MLT","GDP","TOT","MLN_USD","A","2000",7161.221,
"MLT","GDP","TOT","MLN_USD","A","2001",7276.343,
"MLT","GDP","TOT","MLN_USD","A","2002",7760.932,
"MLT","GDP","TOT","MLN_USD","A","2003",8342.514,
"MLT","GDP","TOT","MLN_USD","A","2004",8645.518,
"MLT","GDP","TOT","MLN_USD","A","2005",9008.194,
"MLT","GDP","TOT","MLN_USD","A","2006",9450.759,
"MLT","GDP","TOT","MLN_USD","A","2007",10193.326,
"MLT","GDP","TOT","MLN_USD","A","2008",10858.15,
"MLT","GDP","TOT","MLN_USD","A","2009",10992.903,
"MLT","GDP","TOT","MLN_USD","A","2010",11905.695,
"MLT","GDP","TOT","MLN_USD","A","2011",12060.668,
"MLT","GDP","TOT","MLN_USD","A","2012",12703.272,
"MLT","GDP","TOT","MLN_USD","A","2013",13757.007,
"MLT","GDP","TOT","MLN_USD","A","2014",14924.391,
"MLT","GDP","TOT","MLN_USD","A","2015",16669.533,
"MLT","GDP","TOT","MLN_USD","A","2016",18080.342,
"MLT","GDP","TOT","MLN_USD","A","2017",20362.315,
"MLT","GDP","TOT","MLN_USD","A","2018",22080.012,
"MLT","GDP","TOT","MLN_USD","A","2019",24566.963,
"MLT","GDP","TOT","MLN_USD","A","2020",22961.327,
"MLT","GDP","TOT","MLN_USD","A","2021",25359.372,
"ROU","GDP","TOT","MLN_USD","A","2000",131266.35,
"ROU","GDP","TOT","MLN_USD","A","2001",144294.072,
"ROU","GDP","TOT","MLN_USD","A","2002",155641.018,
"ROU","GDP","TOT","MLN_USD","A","2003",163108.708,
"ROU","GDP","TOT","MLN_USD","A","2004",192859.101,
"ROU","GDP","TOT","MLN_USD","A","2005",204714.62,
"ROU","GDP","TOT","MLN_USD","A","2006",244891.715,
"ROU","GDP","TOT","MLN_USD","A","2007",286131.809,
"ROU","GDP","TOT","MLN_USD","A","2008",344669.395,
"ROU","GDP","TOT","MLN_USD","A","2009",338766.406,
"ROU","GDP","TOT","MLN_USD","A","2010",351401.806,
"ROU","GDP","TOT","MLN_USD","A","2011",378833.587,
"ROU","GDP","TOT","MLN_USD","A","2012",397334.041,
"ROU","GDP","TOT","MLN_USD","A","2013",393222.364,
"ROU","GDP","TOT","MLN_USD","A","2014",410763.371,
"ROU","GDP","TOT","MLN_USD","A","2015",428503.297,
"ROU","GDP","TOT","MLN_USD","A","2016",470979.152,
"ROU","GDP","TOT","MLN_USD","A","2017",527783.803,
"ROU","GDP","TOT","MLN_USD","A","2018",575806.732,
"ROU","GDP","TOT","MLN_USD","A","2019",640553.648,
"ROU","GDP","TOT","MLN_USD","A","2020",642164.611,
"ROU","GDP","TOT","MLN_USD","A","2021",693440.505,"P"
"MKD","GDP","TOT","MLN_USD","A","2000",12467.434,
"MKD","GDP","TOT","MLN_USD","A","2001",12312.833,
"MKD","GDP","TOT","MLN_USD","A","2002",12919.276,
"MKD","GDP","TOT","MLN_USD","A","2003",13368.156,
"MKD","GDP","TOT","MLN_USD","A","2004",14577.486,
"MKD","GDP","TOT","MLN_USD","A","2005",15987.118,
"MKD","GDP","TOT","MLN_USD","A","2006",17727.332,
"MKD","GDP","TOT","MLN_USD","A","2007",19111.372,
"MKD","GDP","TOT","MLN_USD","A","2008",21537.175,
"MKD","GDP","TOT","MLN_USD","A","2009",22579.031,
"MKD","GDP","TOT","MLN_USD","A","2010",23346.758,
"MKD","GDP","TOT","MLN_USD","A","2011",24064.243,
"MKD","GDP","TOT","MLN_USD","A","2012",24558.756,
"MKD","GDP","TOT","MLN_USD","A","2013",26269.669,
"MKD","GDP","TOT","MLN_USD","A","2014",27775.93,
"MKD","GDP","TOT","MLN_USD","A","2015",28751.905,
"MKD","GDP","TOT","MLN_USD","A","2016",31373.363,
"MKD","GDP","TOT","MLN_USD","A","2017",32583.005,
"MKD","GDP","TOT","MLN_USD","A","2018",34872.76,
"MKD","GDP","TOT","MLN_USD","A","2019",37395.328,
"MKD","GDP","TOT","MLN_USD","A","2020",35186.555,"P"
"MKD","GDP","TOT","MLN_USD","A","2021",38021.445,"E"
"ZMB","GDP","TOT","MLN_USD","A","2006",28842.396,
"ZMB","GDP","TOT","MLN_USD","A","2007",32096.058,
"ZMB","GDP","TOT","MLN_USD","A","2008",35254.59,
"ZMB","GDP","TOT","MLN_USD","A","2009",38751.964,
"ZMB","GDP","TOT","MLN_USD","A","2010",43256.434,
"ZMB","GDP","TOT","MLN_USD","A","2011",46612.239,
"ZMB","GDP","TOT","MLN_USD","A","2012",49508.704,
"ZMB","GDP","TOT","MLN_USD","A","2013",53419.766,
"ZMB","GDP","TOT","MLN_USD","A","2014",54506.425,
"ZMB","GDP","TOT","MLN_USD","A","2015",54472.617,
"ZMB","GDP","TOT","MLN_USD","A","2016",55712.229,
"ZMB","GDP","TOT","MLN_USD","A","2017",58603.828,
"ZMB","GDP","TOT","MLN_USD","A","2018",62564.66,
"ZMB","GDP","TOT","MLN_USD","A","2019",64601.642,
"ZMB","GDP","TOT","MLN_USD","A","2020",63559.36,
"HKG","GDP","TOT","MLN_USD","A","2000",188093.241,
"HKG","GDP","TOT","MLN_USD","A","2001",193409.498,
"HKG","GDP","TOT","MLN_USD","A","2002",199677.939,
"HKG","GDP","TOT","MLN_USD","A","2003",209842.006,
"HKG","GDP","TOT","MLN_USD","A","2004",234221.492,
"HKG","GDP","TOT","MLN_USD","A","2005",259413.652,
"HKG","GDP","TOT","MLN_USD","A","2006",286224.526,
"HKG","GDP","TOT","MLN_USD","A","2007",312963.822,
"HKG","GDP","TOT","MLN_USD","A","2008",325753.722,
"HKG","GDP","TOT","MLN_USD","A","2009",319779.865,
"HKG","GDP","TOT","MLN_USD","A","2010",345524.692,
"HKG","GDP","TOT","MLN_USD","A","2011",369685.332,
"HKG","GDP","TOT","MLN_USD","A","2012",373482.559,
"HKG","GDP","TOT","MLN_USD","A","2013",385448.332,
"HKG","GDP","TOT","MLN_USD","A","2014",396043.918,
"HKG","GDP","TOT","MLN_USD","A","2015",411294.477,
"HKG","GDP","TOT","MLN_USD","A","2016",419837.595,
"HKG","GDP","TOT","MLN_USD","A","2017",442425.449,
"HKG","GDP","TOT","MLN_USD","A","2018",465891.515,
"HKG","GDP","TOT","MLN_USD","A","2019",466266.324,
"HKG","GDP","TOT","MLN_USD","A","2020",441000.955,
"HKG","GDP","TOT","MLN_USD","A","2021",488461.722,
"MDG","GDP","TOT","MLN_USD","A","2007",30579.05,"E"
"MDG","GDP","TOT","MLN_USD","A","2008",33364.839,"E"
"MDG","GDP","TOT","MLN_USD","A","2009",32219.617,"E"
"MDG","GDP","TOT","MLN_USD","A","2010",32812.667,"E"
"MDG","GDP","TOT","MLN_USD","A","2011",34048.44,"E"
"MDG","GDP","TOT","MLN_USD","A","2012",34613.437,"E"
"MDG","GDP","TOT","MLN_USD","A","2013",35664.458,"E"
"MDG","GDP","TOT","MLN_USD","A","2014",37112.146,"E"
"MDG","GDP","TOT","MLN_USD","A","2015",37860.94,"E"
"MDG","GDP","TOT","MLN_USD","A","2016",40431.499,"E"
"MDG","GDP","TOT","MLN_USD","A","2017",40952.508,"E"
"MDG","GDP","TOT","MLN_USD","A","2018",43169.242,"E"
"MDG","GDP","TOT","MLN_USD","A","2019",45918.731,"E"
"MDG","GDP","TOT","MLN_USD","A","2020",43227.888,"E"
"MAR","GDP","TOT","MLN_USD","A","2007",189050.865,"E"
"MAR","GDP","TOT","MLN_USD","A","2008",204089.512,"E"
"MAR","GDP","TOT","MLN_USD","A","2009",214114.21,"E"
"MAR","GDP","TOT","MLN_USD","A","2010",224955.598,"E"
"MAR","GDP","TOT","MLN_USD","A","2011",241675.201,"E"
"MAR","GDP","TOT","MLN_USD","A","2012",244714.331,"E"
"MAR","GDP","TOT","MLN_USD","A","2013",256127.215,"E"
"MAR","GDP","TOT","MLN_USD","A","2014",248261.803,
"MAR","GDP","TOT","MLN_USD","A","2015",269769.48,
"MAR","GDP","TOT","MLN_USD","A","2016",273970.678,
"MAR","GDP","TOT","MLN_USD","A","2017",285550.399,
"MAR","GDP","TOT","MLN_USD","A","2018",300886.834,
"MAR","GDP","TOT","MLN_USD","A","2019",313443.273,
"MAR","GDP","TOT","MLN_USD","A","2020",292347.633,
"MAR","GDP","TOT","MLN_USD","A","2021",332718.328,
"SGP","GDP","TOT","MLN_USD","A","2000",176324.268,
"SGP","GDP","TOT","MLN_USD","A","2001",178366.039,
"SGP","GDP","TOT","MLN_USD","A","2002",188252.938,
"SGP","GDP","TOT","MLN_USD","A","2003",200699.505,
"SGP","GDP","TOT","MLN_USD","A","2004",226572.121,
"SGP","GDP","TOT","MLN_USD","A","2005",250890.427,
"SGP","GDP","TOT","MLN_USD","A","2006",281926.226,
"SGP","GDP","TOT","MLN_USD","A","2007",315666.748,
"SGP","GDP","TOT","MLN_USD","A","2008",327716.243,
"SGP","GDP","TOT","MLN_USD","A","2009",330238.767,
"SGP","GDP","TOT","MLN_USD","A","2010",382733.648,
"SGP","GDP","TOT","MLN_USD","A","2011",414966.621,
"SGP","GDP","TOT","MLN_USD","A","2012",435964.936,
"SGP","GDP","TOT","MLN_USD","A","2013",448140.098,
"SGP","GDP","TOT","MLN_USD","A","2014",461771.556,
"SGP","GDP","TOT","MLN_USD","A","2015",481405.402,
"SGP","GDP","TOT","MLN_USD","A","2016",501388.381,
"SGP","GDP","TOT","MLN_USD","A","2017",535130.769,
"SGP","GDP","TOT","MLN_USD","A","2018",566206.118,
"SGP","GDP","TOT","MLN_USD","A","2019",582533.634,
"SGP","GDP","TOT","MLN_USD","A","2020",558073.358,
"EU27_2020","GDP","TOT","MLN_USD","A","2000",9475038.403,
"EU27_2020","GDP","TOT","MLN_USD","A","2001",9957950.761,
"EU27_2020","GDP","TOT","MLN_USD","A","2002",10418107.521,
"EU27_2020","GDP","TOT","MLN_USD","A","2003",10680325.99,
"EU27_2020","GDP","TOT","MLN_USD","A","2004",11222067.918,
"EU27_2020","GDP","TOT","MLN_USD","A","2005",11675872.903,
"EU27_2020","GDP","TOT","MLN_USD","A","2006",12721179.722,
"EU27_2020","GDP","TOT","MLN_USD","A","2007",13603372.253,
"EU27_2020","GDP","TOT","MLN_USD","A","2008",14287383.626,
"EU27_2020","GDP","TOT","MLN_USD","A","2009",14023755.42,
"EU27_2020","GDP","TOT","MLN_USD","A","2010",14509947.109,
"EU27_2020","GDP","TOT","MLN_USD","A","2011",15204175.101,
"EU27_2020","GDP","TOT","MLN_USD","A","2012",15434693.191,
"EU27_2020","GDP","TOT","MLN_USD","A","2013",15958633.288,
"EU27_2020","GDP","TOT","MLN_USD","A","2014",16441422.93,
"EU27_2020","GDP","TOT","MLN_USD","A","2015",16992246.856,
"EU27_2020","GDP","TOT","MLN_USD","A","2016",18066710.601,
"EU27_2020","GDP","TOT","MLN_USD","A","2017",19036893.416,
"EU27_2020","GDP","TOT","MLN_USD","A","2018",19958436.656,
"EU27_2020","GDP","TOT","MLN_USD","A","2019",21247314.045,
"EU27_2020","GDP","TOT","MLN_USD","A","2020",20548660.17,
"EU27_2020","GDP","TOT","MLN_USD","A","2021",21912110.491,
"EU27_2020","GDP","TOT","MLN_USD","A","2022",24379357.922,
"ALB","GDP","TOT","MLN_USD","A","2000",11927.776,
"ALB","GDP","TOT","MLN_USD","A","2001",13159.431,
"ALB","GDP","TOT","MLN_USD","A","2002",14221.925,
"ALB","GDP","TOT","MLN_USD","A","2003",15199.009,
"ALB","GDP","TOT","MLN_USD","A","2004",16429.452,
"ALB","GDP","TOT","MLN_USD","A","2005",17663.32,
"ALB","GDP","TOT","MLN_USD","A","2006",19647.843,
"ALB","GDP","TOT","MLN_USD","A","2007",21634.141,
"ALB","GDP","TOT","MLN_USD","A","2008",24251.46,"D"
"ALB","GDP","TOT","MLN_USD","A","2009",25801.628,
"ALB","GDP","TOT","MLN_USD","A","2010",28048.431,
"ALB","GDP","TOT","MLN_USD","A","2011",29655.579,
"ALB","GDP","TOT","MLN_USD","A","2012",30530.397,
"ALB","GDP","TOT","MLN_USD","A","2013",30603.995,"D"
"ALB","GDP","TOT","MLN_USD","A","2014",32529.046,
"ALB","GDP","TOT","MLN_USD","A","2015",33585.806,
"ALB","GDP","TOT","MLN_USD","A","2016",34740.019,
"ALB","GDP","TOT","MLN_USD","A","2017",36696.774,
"ALB","GDP","TOT","MLN_USD","A","2018",38690.695,
"ALB","GDP","TOT","MLN_USD","A","2019",41121.413,
"ALB","GDP","TOT","MLN_USD","A","2020",39826.28,"P"
"SRB","GDP","TOT","MLN_USD","A","2000",45247.811,
"SRB","GDP","TOT","MLN_USD","A","2001",48644.884,
"SRB","GDP","TOT","MLN_USD","A","2002",54159.251,
"SRB","GDP","TOT","MLN_USD","A","2003",57197.759,
"SRB","GDP","TOT","MLN_USD","A","2004",63344.407,
"SRB","GDP","TOT","MLN_USD","A","2005",68319.08,
"SRB","GDP","TOT","MLN_USD","A","2006",75654.761,
"SRB","GDP","TOT","MLN_USD","A","2007",82950.661,
"SRB","GDP","TOT","MLN_USD","A","2008",92848.287,
"SRB","GDP","TOT","MLN_USD","A","2009",91763.439,
"SRB","GDP","TOT","MLN_USD","A","2010",93316.964,
"SRB","GDP","TOT","MLN_USD","A","2011",99446.681,
"SRB","GDP","TOT","MLN_USD","A","2012",100310.888,
"SRB","GDP","TOT","MLN_USD","A","2013",104804.573,
"SRB","GDP","TOT","MLN_USD","A","2014",104530.725,
"SRB","GDP","TOT","MLN_USD","A","2015",105922.988,
"SRB","GDP","TOT","MLN_USD","A","2016",111931.491,
"SRB","GDP","TOT","MLN_USD","A","2017",116623.419,
"SRB","GDP","TOT","MLN_USD","A","2018",123717.018,
"SRB","GDP","TOT","MLN_USD","A","2019",134771.47,
"SRB","GDP","TOT","MLN_USD","A","2020",134862.222,
"SRB","GDP","TOT","MLN_USD","A","2021",147874.29,"P"
"GEO","GDP","TOT","MLN_USD","A","2010",28645.899,
"GEO","GDP","TOT","MLN_USD","A","2011",31404.993,
"GEO","GDP","TOT","MLN_USD","A","2012",36640.15,
"GEO","GDP","TOT","MLN_USD","A","2013",39450.982,
"GEO","GDP","TOT","MLN_USD","A","2014",43054.384,
"GEO","GDP","TOT","MLN_USD","A","2015",45035.513,
"GEO","GDP","TOT","MLN_USD","A","2016",47930.085,
"GEO","GDP","TOT","MLN_USD","A","2017",50662.562,
"GEO","GDP","TOT","MLN_USD","A","2018",54384.905,
"GEO","GDP","TOT","MLN_USD","A","2019",58115.885,
"GEO","GDP","TOT","MLN_USD","A","2020",54840.076,
"CMR","GDP","TOT","MLN_USD","A","2000",31439.326,
"CMR","GDP","TOT","MLN_USD","A","2001",33537.786,
"CMR","GDP","TOT","MLN_USD","A","2002",35585.38,
"CMR","GDP","TOT","MLN_USD","A","2003",38266.517,
"CMR","GDP","TOT","MLN_USD","A","2004",42063.508,
"CMR","GDP","TOT","MLN_USD","A","2005",44349.226,
"CMR","GDP","TOT","MLN_USD","A","2006",47459.311,
"CMR","GDP","TOT","MLN_USD","A","2007",50851.261,
"CMR","GDP","TOT","MLN_USD","A","2008",53302.407,
"CMR","GDP","TOT","MLN_USD","A","2009",55027.667,
"CMR","GDP","TOT","MLN_USD","A","2010",57303.422,
"CMR","GDP","TOT","MLN_USD","A","2011",60470.66,
"CMR","GDP","TOT","MLN_USD","A","2012",63568.301,
"CMR","GDP","TOT","MLN_USD","A","2013",69098.828,
"CMR","GDP","TOT","MLN_USD","A","2014",75134.547,
"CMR","GDP","TOT","MLN_USD","A","2015",79112.64,
"CMR","GDP","TOT","MLN_USD","A","2016",84392.895,
"CMR","GDP","TOT","MLN_USD","A","2017",90037.542,
"CMR","GDP","TOT","MLN_USD","A","2018",95835.08,
"CMR","GDP","TOT","MLN_USD","A","2019",100939.193,
"CMR","GDP","TOT","MLN_USD","A","2020",102499.678,
"SEN","GDP","TOT","MLN_USD","A","2000",19677.172,
"SEN","GDP","TOT","MLN_USD","A","2001",20973.417,
"SEN","GDP","TOT","MLN_USD","A","2002",21305.032,
"SEN","GDP","TOT","MLN_USD","A","2003",22948.596,
"SEN","GDP","TOT","MLN_USD","A","2004",24679.79,
"SEN","GDP","TOT","MLN_USD","A","2005",26547.082,
"SEN","GDP","TOT","MLN_USD","A","2006",27950.486,
"SEN","GDP","TOT","MLN_USD","A","2007",29437.139,
"SEN","GDP","TOT","MLN_USD","A","2008",31087.211,
"SEN","GDP","TOT","MLN_USD","A","2009",32147.503,
"SEN","GDP","TOT","MLN_USD","A","2010",33637.035,
"SEN","GDP","TOT","MLN_USD","A","2011",34793.989,
"SEN","GDP","TOT","MLN_USD","A","2012",36713.666,
"SEN","GDP","TOT","MLN_USD","A","2013",37797.219,
"SEN","GDP","TOT","MLN_USD","A","2014",40124.398,
"SEN","GDP","TOT","MLN_USD","A","2015",43317.631,
"SEN","GDP","TOT","MLN_USD","A","2016",46119.11,
"SEN","GDP","TOT","MLN_USD","A","2017",49402.166,
"SEN","GDP","TOT","MLN_USD","A","2018",53722.712,
"SEN","GDP","TOT","MLN_USD","A","2019",57219.726,
"SEN","GDP","TOT","MLN_USD","A","2020",58676.63,
